source,station,product,n,spearman,kappa
narragansett,B12,olci300,379,0.050382646664880765,0.05071549230141925
narragansett,B12w,olci300,98,0.07738015543612008,0.055935363579863284
narragansett,B13,olci300,347,0.1475695831870112,0.027028269363364665
narragansett,B14,olci300,257,0.1771285524781086,0.000925583117363904
narragansett,B2,olci300,361,0.31753082467708715,0.08438278820493594
narragansett,B3,olci300,298,0.12977938221490057,0.03140749397414355
narragansett,B3w,olci300,203,0.08055799721801413,0.03083665962275961
narragansett,B4,olci300,292,-0.03272712637756633,0.033333333333333326
narragansett,B6,olci300,363,0.24209896608902978,0.07889273356401394
narragansett,B7,olci300,330,0.3438643418857951,0.11913458836751889
narragansett,F5,olci300,296,0.17523086565283585,0.024630541871921152
chesapeake,BUD,olci300,56,-0.2339229265995167,-0.08571428571428563
chesapeake,HAD,olci300,272,0.24057908789632226,0.12442396313364057
chesapeake,HAU,olci300,91,0.06202692431561281,0.07065967430306375
chesapeake,MAB,olci300,448,0.04308925986544972,0.13609467455621305
chesapeake,MSC,olci300,437,0.04837673956714881,0.014353085913471397
chesapeake,PUB,olci300,138,0.5159097006223353,0.29911788291900565
chesapeake,SPS,olci300,192,0.13896764889389762,-0.03853955375253548
nerrs,kac_h3,olci300,287,0.4794850311986015,0.3384624968851234
nerrs,kac_sd,olci300,89,0.44620740729746683,0.22560596643878184
nerrs,kac_ss,olci300,241,0.3734215821346203,0.22740330571630796
cefas_full,wgab2,olci300,419,0.09391497341341941,0.15362229526157223
cefas_full,lbay,olci300,438,0.15864823516294418,0.19741280974686304
cefas_full,dows,olci300,268,0.0186506525764674,0.030612244897959218
imos,NRSDAR,olci300,1092,0.5849343882716596,0.16477987421383644
imos,NRSMAI,olci300,105,0.27645727881411225,0.44774754173336384
imos,NRSNSI,olci300,313,0.7002594478230321,0.4514940462817344
imos,NRSROT,olci300,1136,0.6570060954038575,0.43377885783718106
imos,NRSYON,olci300,791,0.43942857230838217,0.3385047363699487
lake_erie,WE02,olci300,122,0.34798972972794356,0.20067390490453008
lake_erie,WE04,olci300,129,0.536650268336315,0.37661082474226804
lake_erie,WE08,olci300,100,0.6787158715871586,0.2676056338028169
lake_erie,WE13,olci300,106,0.5751820036778599,0.39740119112073635
sfbay,CacheSloughLiberty,olci300,294,0.03414924755044567,-0.025960472245776467
sfbay,DeckerIsland,olci300,231,0.14625883122612302,0.13586437440305643
sfbay,VanSickle,olci300,1018,0.2882221245315868,0.24920278666518103
narragansett,B12,dineof2k,1123,0.051462161036413503,0.04912347066469325
narragansett,B12w,dineof2k,399,-0.15553683727303236,-0.1876588628762541
narragansett,B13,dineof2k,1041,-0.13183170787030762,-0.07213946085191769
narragansett,B14,dineof2k,1228,-0.03429957659309034,0.07954545454545459
narragansett,B2,dineof2k,1016,0.05935672389494319,0.06882591093117407
narragansett,B3,dineof2k,1007,0.1299046247166435,0.01165939432639207
narragansett,B3w,dineof2k,802,0.09001307336903246,-0.01865908609792233
narragansett,B3W,dineof2k,97,-0.22089410929436798,-0.07964382883997034
narragansett,B4,dineof2k,994,0.12094409277596435,-0.01811911290897661
narragansett,B6,dineof2k,1031,0.12974417752955097,0.004984625177747337
narragansett,B7,dineof2k,1025,0.14285110045453706,-0.039678122415434336
narragansett,F4,dineof2k,1601,0.2536726744333476,0.09139883185254782
narragansett,F5,dineof2k,2165,-0.08604092115942509,-0.07316823965926433
narragansett,F7,dineof2k,2090,-0.019816416015216828,0.02929896964425527
chesapeake,AES,dineof2k,2001,-0.010771707323358252,-0.014846958057637138
chesapeake,AWS,dineof2k,2119,-0.004778314564717739,-0.03286929363473812
chesapeake,BUD,dineof2k,155,0.06786117108697753,0.20478837109876014
chesapeake,GYK,dineof2k,425,-0.21683544105922997,-0.18927899960648853
chesapeake,HAD,dineof2k,540,0.1450881095909958,0.1328413284132841
chesapeake,HAU,dineof2k,554,0.20497916525883442,0.05331955324321469
chesapeake,IPL,dineof2k,1888,-0.06269331680123776,-0.0516363636363637
chesapeake,JUG,dineof2k,2146,-0.2160609653107097,-0.043050092533050366
chesapeake,LMN,dineof2k,1852,0.07599808070814251,0.01603498542274051
chesapeake,MAB,dineof2k,1421,0.25417856936464484,0.1609184505413246
chesapeake,MSC,dineof2k,1685,-0.13772693692319776,-0.08819388492495284
chesapeake,MTI,dineof2k,1762,-0.08768602320290277,-0.04396788850964395
chesapeake,NPC,dineof2k,540,-0.0055186522814866905,-0.10152284263959399
chesapeake,OPC,dineof2k,1613,0.2575369848913926,0.22696973941054432
chesapeake,PUB,dineof2k,485,0.6626018594778358,0.41255311544418416
chesapeake,RIV,dineof2k,1074,0.22641544835532917,0.17467303770274178
chesapeake,SGC,dineof2k,1048,0.4147923307485094,0.26673751328374073
chesapeake,SPS,dineof2k,818,0.3244528387237773,0.03597871849833889
chesapeake,SUS,dineof2k,935,0.19913746012555322,0.20948231009365237
nerrs,kac_h3,dineof2k,627,0.28962953092879395,0.21324925195457034
nerrs,kac_ss,dineof2k,577,0.32848452420192914,0.04809278608208767
cefas_full,wgab2,dineof2k,634,0.2858057618198057,0.25587960005348476
cefas_full,lbay,dineof2k,777,0.05066776124711833,0.09007590291100187
cefas_full,dows,dineof2k,230,-0.4152231439683233,-0.37373652994737294
imos,NRSDAR,dineof2k,1787,0.39859374743855425,0.26859064132576593
imos,NRSNSI,dineof2k,440,0.6570588901746461,0.4899713467048711
imos,NRSROT,dineof2k,1846,0.6835847498965563,0.413705375999057
imos,NRSYON,dineof2k,1556,0.4374875523775666,0.21616541353383456
lake_erie,WE02,dineof2k,154,-0.17084206116464185,-0.19639527656929778
lake_erie,WE04,dineof2k,128,0.26673228346456695,-0.016949152542372836
lake_erie,WE08,dineof2k,152,0.42057080761896953,0.13385826771653542
lake_erie,WE13,dineof2k,155,-0.01606781610955382,-0.06958021851638874
sfbay,JerseyPoint,dineof2k,1773,0.3690691561702368,0.32609044612581084
sfbay,SacAbDCC,dineof2k,1901,0.07112186827515908,0.11937709634387172
sfbay,CacheSloughLiberty,dineof2k,1823,0.1677558461086926,0.11801971376878417
sfbay,CacheSloughRyer,dineof2k,147,0.10533891453656619,-0.07554874936191913
sfbay,DeckerIsland,dineof2k,251,-0.37732169251633496,-0.08073196986006459
sfbay,VanSickle,dineof2k,2074,-0.06259086644783242,0.041330240249556005
chesapeake,HAD,viirs4k,130,0.1850769503885073,0.11282984531392182
chesapeake,HAU,viirs4k,70,0.11899221415449217,0.1633466135458167
chesapeake,NPC,viirs4k,87,-0.1934643143544507,-0.12192262602579129
chesapeake,SPS,viirs4k,146,0.3214139390686609,0.22595304216107048
nerrs,kac_h3,viirs4k,143,0.3926967248947925,0.23483089348813735
nerrs,kac_sd,viirs4k,134,0.38430998967685104,0.15279241306638558
nerrs,kac_ss,viirs4k,247,0.32009705774794384,0.14366939398141731
cefas_full,wgab,viirs4k,34,0.8294881588999236,0.48484848484848475
cefas_full,wgab2,viirs4k,311,0.0954176550757177,0.1370220322992397
cefas_full,lbay,viirs4k,344,0.208134096647238,0.20731707317073167
cefas_full,dows,viirs4k,250,0.1422555966549848,0.016361511492014036
imos,NRSDAR,viirs4k,674,0.5818013924735136,0.14838856485861762
imos,NRSMAI,viirs4k,160,0.48339681237548343,0.5806451612903225
imos,NRSNSI,viirs4k,473,0.7395963615352582,0.4970195994263582
imos,NRSROT,viirs4k,972,0.7058918028421969,0.4877102199223803
imos,NRSYON,viirs4k,740,0.47603867060161476,0.35918367346938773
lake_erie,WE02,viirs4k,129,0.31381932021466913,0.03347680535628883
lake_erie,WE04,viirs4k,172,0.5515859703283388,0.3787878787878788
lake_erie,WE08,viirs4k,117,0.5324971151972906,0.20686638967854798
lake_erie,WE13,viirs4k,142,0.49742975035153636,0.2757213640338094
narragansett,B12,olci4k,246,-0.15101993684717285,-0.019558535903883678
narragansett,B12w,olci4k,109,0.1935005571816692,0.06749049429657794
narragansett,B13,olci4k,223,0.17179222614634196,0.036717062634989195
narragansett,B14,olci4k,259,0.07621319692476913,-0.03444277431823073
narragansett,B2,olci4k,230,0.19982853283636168,0.16441768735727635
narragansett,B3,olci4k,223,0.09728536472208252,-0.04324187634340615
narragansett,B3w,olci4k,192,0.2652871175917965,0.04504504504504503
narragansett,B4,olci4k,213,0.14370068106621386,-0.03723861357777136
narragansett,B6,olci4k,218,0.2250576760970715,0.2317524787958427
narragansett,B7,olci4k,236,0.18937979535003616,0.10126582278481011
narragansett,F4,olci4k,299,0.0844794522394761,0.18006523684438414
narragansett,F5,olci4k,358,-0.006945698107488948,-0.0681585081585081
narragansett,F7,olci4k,403,0.010598994251537574,0.06925174084428787
chesapeake,AES,olci4k,356,-0.018904761657868766,0.03200000000000003
chesapeake,AWS,olci4k,367,-0.05239072631439228,-0.04458446496469315
chesapeake,GYK,olci4k,83,-0.041363168914275744,-0.09275882704967087
chesapeake,HAD,olci4k,58,0.043834689394113883,-0.01812004530011313
chesapeake,HAU,olci4k,59,0.055581531268264185,0.08968177434908386
chesapeake,IPL,olci4k,319,-0.15759364994758826,-0.05451591214701934
chesapeake,JUG,olci4k,340,-0.15918103776893602,-0.07804878048780473
chesapeake,LMN,olci4k,407,-0.051817041494127,0.10040607919401001
chesapeake,MAB,olci4k,319,0.10961024140648053,0.02608504506264797
chesapeake,MSC,olci4k,303,-0.07264723232678279,-0.038706058339566196
chesapeake,MTI,olci4k,318,-0.05602945537324378,-0.013574868149506925
chesapeake,NPC,olci4k,72,-0.023731429673934015,-0.17241379310344818
chesapeake,OPC,olci4k,322,0.33189676436607807,0.19174222632037285
chesapeake,PUB,olci4k,76,0.21378574951940305,0.18367346938775508
chesapeake,RIV,olci4k,222,0.10240583769327377,0.21349990676859965
chesapeake,SGC,olci4k,238,-0.044814090940445556,-0.11480156702435695
chesapeake,SPS,olci4k,181,0.06706976796026444,0.18053197509903784
chesapeake,SUS,olci4k,203,-0.09465629801143291,-0.08165322580645173
nerrs,kac_h3,olci4k,200,0.31256122055820423,0.07086614173228345
nerrs,kac_ss,olci4k,152,0.36241904999234015,0.3584905660377359
cefas_full,wgab2,olci4k,154,0.06263528194144168,0.14469453376205788
cefas_full,lbay,olci4k,259,0.17847909072226156,0.20614441514006698
imos,NRSDAR,olci4k,386,0.5421574206849011,0.2029165600672489
imos,NRSROT,olci4k,467,0.5550412450859485,0.36675535997543873
imos,NRSYON,olci4k,310,0.3743930020505002,0.27173061863743153
sfbay,LittlePotato,olci4k,161,0.20745045038713952,0.09244644870349483
sfbay,JerseyPoint,olci4k,454,0.17688106143472004,0.16977416302207216
sfbay,SacAbDCC,olci4k,245,0.06882937572186137,-0.08417073845302858
sfbay,CacheSloughLiberty,olci4k,487,0.12923674306914823,0.05012116555351964
sfbay,VanSickle,olci4k,574,0.3135692625363985,0.22479990720334075
sfbay,FirstMallard,olci4k,563,-0.007973558918814542,-0.04438097160021437
