source,station,product,days,valid,frac,frac_ffill3
narragansett,B12,olci300,2727,684,0.2508250825082508,0.6655665566556656
narragansett,B12w,olci300,958,256,0.267223382045929,0.6983298538622129
narragansett,B13,olci300,2728,699,0.2562316715542522,0.6840175953079178
narragansett,B14,olci300,2703,471,0.17425083240843509,0.5271920088790233
narragansett,B2,olci300,2723,737,0.27065736320235034,0.6911494674990819
narragansett,B3,olci300,2728,626,0.22947214076246333,0.6224340175953079
narragansett,B3w,olci300,2389,459,0.1921305985768104,0.5604855588112181
narragansett,B3W,olci300,204,23,0.11274509803921569,0.39215686274509803
narragansett,B4,olci300,2708,637,0.23522895125553914,0.621861152141802
narragansett,B6,olci300,2722,749,0.275165319617928,0.6936076414401176
narragansett,B7,olci300,2723,729,0.2677194271024605,0.6808666911494675
narragansett,F5,olci300,2797,298,0.10654272434751519,0.35252055774043617
chesapeake,BUD,olci300,850,72,0.08470588235294117,0.28823529411764703
chesapeake,FLT,olci300,497,53,0.10663983903420524,0.3762575452716298
chesapeake,HAD,olci300,1334,338,0.25337331334332835,0.651424287856072
chesapeake,HAU,olci300,1303,120,0.0920951650038373,0.3123561013046815
chesapeake,MAB,olci300,2097,668,0.318550309966619,0.748211731044349
chesapeake,MSC,olci300,2752,544,0.19767441860465115,0.5617732558139535
chesapeake,PPT,olci300,220,10,0.045454545454545456,0.17727272727272728
chesapeake,PUB,olci300,1643,318,0.1935483870967742,0.5538648813146683
chesapeake,SPS,olci300,2726,519,0.19038884812912693,0.5337490829053558
nerrs,kac_h3,olci300,2671,566,0.21190565331336578,0.507675028079371
nerrs,kac_sd,olci300,710,90,0.1267605633802817,0.33098591549295775
nerrs,kac_ss,olci300,2700,443,0.16407407407407407,0.40074074074074073
cefas_full,wgab2,olci300,2787,920,0.33010405453893077,0.7294581987800502
cefas_full,lbay,olci300,2766,745,0.2693420101229212,0.665943600867679
cefas_full,dows,olci300,1112,305,0.27428057553956836,0.6969424460431655
imos,NRSDAR,olci300,2801,1327,0.4737593716529811,0.8361299535880042
imos,NRSMAI,olci300,580,153,0.2637931034482759,0.7448275862068966
imos,NRSNSI,olci300,1046,313,0.29923518164435947,0.7858508604206501
imos,NRSROT,olci300,2794,1324,0.47387258410880456,0.8775948460987831
imos,NRSYON,olci300,2429,926,0.3812268423219432,0.8246191848497324
lake_erie,WE02,olci300,838,190,0.22673031026252982,0.6420047732696897
lake_erie,WE04,olci300,881,206,0.23382519863791146,0.6549375709421112
lake_erie,WE08,olci300,865,170,0.19653179190751446,0.5895953757225434
lake_erie,WE13,olci300,840,184,0.21904761904761905,0.6142857142857143
sfbay,CacheSloughLiberty,olci300,2751,369,0.1341330425299891,0.40021810250817885
sfbay,DeckerIsland,olci300,1017,315,0.30973451327433627,0.7620452310717798
sfbay,VanSickle,olci300,2643,1090,0.41241013999243287,0.7987135830495649
narragansett,B12,dineof2k,2006,2005,0.9995014955134596,1.0
narragansett,B12w,dineof2k,958,958,1.0,1.0
narragansett,B13,dineof2k,2007,2007,1.0,1.0
narragansett,B14,dineof2k,2002,2002,1.0,1.0
narragansett,B2,dineof2k,2002,2002,1.0,1.0
narragansett,B3,dineof2k,2007,2007,1.0,1.0
narragansett,B3w,dineof2k,1675,1675,1.0,1.0
narragansett,B3W,dineof2k,156,156,1.0,1.0
narragansett,B4,dineof2k,1979,1979,1.0,1.0
narragansett,B6,dineof2k,2002,2002,1.0,1.0
narragansett,B7,dineof2k,2002,2002,1.0,1.0
narragansett,F4,dineof2k,2115,1929,0.9120567375886525,0.9144208037825059
narragansett,F5,dineof2k,2191,2188,0.998630762209037,1.0
narragansett,F7,dineof2k,2191,2189,0.9990871748060246,1.0
chesapeake,AES,dineof2k,2191,2188,0.998630762209037,1.0
chesapeake,AWS,dineof2k,2191,2188,0.998630762209037,1.0
chesapeake,BUD,dineof2k,177,177,1.0,1.0
chesapeake,GYK,dineof2k,930,776,0.8344086021505376,0.8408602150537634
chesapeake,HAD,dineof2k,631,631,1.0,1.0
chesapeake,HAU,dineof2k,631,631,1.0,1.0
chesapeake,IPL,dineof2k,2191,2034,0.9283432222729348,0.9365586490187129
chesapeake,JUG,dineof2k,2191,2188,0.998630762209037,1.0
chesapeake,LMN,dineof2k,2084,2071,0.9937619961612284,0.9980806142034548
chesapeake,MAB,dineof2k,2097,2094,0.9985693848354793,1.0
chesapeake,MSC,dineof2k,2168,2165,0.9986162361623616,1.0
chesapeake,MTI,dineof2k,2191,2188,0.998630762209037,1.0
chesapeake,NPC,dineof2k,931,931,1.0,1.0
chesapeake,OPC,dineof2k,2128,2125,0.9985902255639098,1.0
chesapeake,PUB,dineof2k,920,920,1.0,1.0
chesapeake,RIV,dineof2k,2031,2029,0.999015263417036,1.0
chesapeake,SGC,dineof2k,2042,2041,0.9995102840352595,1.0
chesapeake,SPS,dineof2k,2052,2051,0.9995126705653021,1.0
chesapeake,SUS,dineof2k,2036,2035,0.99950884086444,1.0
nerrs,kac_h3,dineof2k,1996,1105,0.5536072144288577,0.561122244488978
nerrs,kac_ss,dineof2k,2001,1110,0.5547226386806596,0.5622188905547226
cefas_full,wgab2,dineof2k,1984,1403,0.7071572580645161,0.7147177419354839
cefas_full,lbay,dineof2k,2029,1378,0.6791522917693446,0.6865450961064564
cefas_full,dows,dineof2k,434,304,0.7004608294930875,0.7073732718894009
imos,NRSDAR,dineof2k,2191,2187,0.9981743496120493,1.0
imos,NRSNSI,dineof2k,440,440,1.0,1.0
imos,NRSROT,dineof2k,2191,2188,0.998630762209037,1.0
imos,NRSYON,dineof2k,1850,1849,0.9994594594594595,1.0
lake_erie,WE02,dineof2k,154,154,1.0,1.0
lake_erie,WE04,dineof2k,128,128,1.0,1.0
lake_erie,WE08,dineof2k,152,152,1.0,1.0
lake_erie,WE13,dineof2k,155,155,1.0,1.0
sfbay,JerseyPoint,dineof2k,2181,2179,0.9990829894543787,1.0
sfbay,SacAbDCC,dineof2k,2191,2010,0.9173893199452305,0.9210406207211319
sfbay,CacheSloughLiberty,dineof2k,2191,2188,0.998630762209037,1.0
sfbay,CacheSloughRyer,dineof2k,153,153,1.0,1.0
sfbay,DeckerIsland,dineof2k,401,401,1.0,1.0
sfbay,VanSickle,dineof2k,2191,2188,0.998630762209037,1.0
chesapeake,HAD,viirs4k,1389,174,0.12526997840172785,0.4175665946724262
chesapeake,HAU,viirs4k,1447,97,0.06703524533517623,0.248790601243953
chesapeake,NPC,viirs4k,1682,170,0.10107015457788347,0.3442330558858502
chesapeake,SPS,viirs4k,2272,380,0.16725352112676056,0.4982394366197183
nerrs,kac_h3,viirs4k,2192,266,0.12135036496350365,0.30155109489051096
nerrs,kac_sd,viirs4k,771,141,0.1828793774319066,0.39040207522697795
nerrs,kac_ss,viirs4k,2334,435,0.18637532133676094,0.4181662382176521
cefas_full,wgab,viirs4k,99,34,0.3434343434343434,0.8181818181818182
cefas_full,wgab2,viirs4k,2267,573,0.25275694750771943,0.5703573003970004
cefas_full,lbay,viirs4k,2228,474,0.2127468581687612,0.5085278276481149
cefas_full,dows,viirs4k,1191,290,0.2434928631402183,0.5659109991603695
imos,NRSDAR,viirs4k,2393,770,0.32177183451734226,0.6673631424989552
imos,NRSMAI,viirs4k,691,227,0.32850940665701883,0.7409551374819102
imos,NRSNSI,viirs4k,1163,473,0.4067067927773001,0.8022355975924333
imos,NRSROT,viirs4k,2396,1137,0.47454090150250416,0.8760434056761269
imos,NRSYON,viirs4k,2398,922,0.38448707256046705,0.8035863219349458
lake_erie,WE02,viirs4k,838,185,0.220763723150358,0.5501193317422435
lake_erie,WE04,viirs4k,881,250,0.28376844494892167,0.6356413166855845
lake_erie,WE08,viirs4k,865,174,0.20115606936416186,0.5202312138728323
lake_erie,WE13,viirs4k,840,218,0.25952380952380955,0.6023809523809524
narragansett,B12,olci4k,1609,425,0.2641392169049099,0.711622125543816
narragansett,B12w,olci4k,958,249,0.2599164926931106,0.6931106471816284
narragansett,B13,olci4k,1610,421,0.26149068322981367,0.7161490683229814
narragansett,B14,olci4k,1609,406,0.25233064014916096,0.7029210689869484
narragansett,B2,olci4k,1609,430,0.26724673710379115,0.728402734617775
narragansett,B3,olci4k,1614,418,0.2589838909541512,0.7162329615861215
narragansett,B3w,olci4k,1305,328,0.25134099616858235,0.696551724137931
narragansett,B4,olci4k,1606,406,0.25280199252801994,0.7023661270236613
narragansett,B6,olci4k,1609,427,0.2653822249844624,0.7228091982597887
narragansett,B7,olci4k,1605,427,0.2660436137071651,0.719626168224299
narragansett,F4,olci4k,1638,336,0.20512820512820512,0.6013431013431013
narragansett,F5,olci4k,1653,360,0.2177858439201452,0.631578947368421
narragansett,F7,olci4k,1653,423,0.2558983666061706,0.7011494252873564
chesapeake,AES,olci4k,1668,384,0.2302158273381295,0.6642685851318945
chesapeake,AWS,olci4k,1668,384,0.2302158273381295,0.6642685851318945
chesapeake,GYK,olci4k,510,128,0.25098039215686274,0.711764705882353
chesapeake,HAD,olci4k,189,64,0.3386243386243386,0.8201058201058201
chesapeake,HAU,olci4k,189,63,0.3333333333333333,0.8253968253968254
chesapeake,IPL,olci4k,1664,345,0.20733173076923078,0.6021634615384616
chesapeake,JUG,olci4k,1664,345,0.20733173076923078,0.6021634615384616
chesapeake,LMN,olci4k,1661,425,0.25586995785671285,0.7146297411198074
chesapeake,MAB,olci4k,1660,456,0.2746987951807229,0.7313253012048193
chesapeake,MSC,olci4k,1661,394,0.23720650210716435,0.674894641782059
chesapeake,MTI,olci4k,1664,371,0.22295673076923078,0.6310096153846154
chesapeake,NPC,olci4k,510,126,0.24705882352941178,0.6980392156862745
chesapeake,OPC,olci4k,1668,398,0.23860911270983212,0.6606714628297362
chesapeake,PUB,olci4k,499,133,0.2665330661322645,0.7394789579158316
chesapeake,RIV,olci4k,1609,405,0.2517091361093847,0.6985705407085147
chesapeake,SGC,olci4k,1621,466,0.2874768661320173,0.7661937075879087
chesapeake,SPS,olci4k,1623,457,0.281577325939618,0.74060382008626
chesapeake,SUS,olci4k,1609,431,0.26786824114356744,0.7240522063393412
nerrs,kac_h3,olci4k,1622,468,0.2885326757090012,0.6418002466091245
nerrs,kac_ss,olci4k,1629,424,0.26028238182934316,0.5991405770411296
cefas_full,wgab2,olci4k,1665,444,0.26666666666666666,0.7069069069069069
cefas_full,lbay,olci4k,1638,428,0.2612942612942613,0.6898656898656899
imos,NRSDAR,olci4k,1623,493,0.303758471965496,0.807147258163894
imos,NRSROT,olci4k,1664,585,0.3515625,0.8659855769230769
imos,NRSYON,olci4k,1313,361,0.27494287890327496,0.8271134805788272
sfbay,LittlePotato,olci4k,1619,468,0.2890673255095738,0.7344039530574429
sfbay,JerseyPoint,olci4k,1654,601,0.3633615477629988,0.8403869407496977
sfbay,SacAbDCC,olci4k,1633,249,0.1524800979791794,0.4782608695652174
sfbay,CacheSloughLiberty,olci4k,1638,573,0.3498168498168498,0.8223443223443223
sfbay,VanSickle,olci4k,1656,611,0.3689613526570048,0.8454106280193237
sfbay,FirstMallard,olci4k,1655,565,0.3413897280966767,0.8096676737160121
