source,station,product,days_checked,valid_days,max_pixels
narragansett,B12,viirs4k,31,0,0
narragansett,B12,olci300,31,3,1
narragansett,B12w,olci300,31,3,1
narragansett,B13,olci300,31,3,1
narragansett,B14,olci300,31,3,1
narragansett,B2,olci300,31,2,1
narragansett,B3,olci300,31,4,1
narragansett,B3w,olci300,31,2,1
narragansett,B3W,olci300,31,2,1
narragansett,B3a,olci300,31,2,1
narragansett,UB2015,olci300,31,2,1
narragansett,B4,olci300,31,4,1
narragansett,B5,olci300,31,3,1
narragansett,B6,olci300,31,3,1
narragansett,B7,olci300,31,2,1
narragansett,F3,olci300,31,3,1
narragansett,F4,olci300,31,0,0
narragansett,F5,olci300,31,1,1
narragansett,F7,olci300,31,0,0
chesapeake,AES,olci300,31,0,0
chesapeake,AWS,olci300,31,0,0
chesapeake,BUD,olci300,31,5,1
chesapeake,COR,olci300,31,0,0
chesapeake,FLT,olci300,31,3,1
chesapeake,GOO,olci300,31,10,1
chesapeake,GYK,olci300,31,0,0
chesapeake,HAD,olci300,31,10,2
chesapeake,HAU,olci300,31,1,1
chesapeake,IPL,olci300,31,0,0
chesapeake,JUG,olci300,31,0,0
chesapeake,LMN,olci300,31,0,0
chesapeake,MAB,olci300,31,8,1
chesapeake,MAT,olci300,31,6,1
chesapeake,MSC,olci300,31,2,1
chesapeake,MTI,olci300,31,0,0
chesapeake,NPC,olci300,31,0,0
chesapeake,OPC,olci300,31,0,0
chesapeake,PPT,olci300,31,7,1
chesapeake,PUB,olci300,31,3,1
chesapeake,RIV,olci300,31,0,0
chesapeake,SGC,olci300,31,0,0
chesapeake,SPS,olci300,31,2,1
chesapeake,SUS,olci300,31,0,0
nerrs,cbm_ip,olci300,31,0,0
nerrs,cbm_mc,olci300,31,0,0
nerrs,cbm_oc,olci300,31,0,0
nerrs,cbm_rr,olci300,31,0,0
nerrs,kac_h3,olci300,31,14,1
nerrs,kac_sd,olci300,31,8,1
nerrs,kac_ss,olci300,31,8,1
nerrs,mar_ab,olci300,31,7,1
nerrs,mar_ce,olci300,31,10,1
nerrs,mar_cw,olci300,31,5,1
nerrs,mar_sc,olci300,31,0,0
nerrs,mar_mb,olci300,31,8,1
nerrs,sos_ch,olci300,31,3,1
nerrs,sos_se,olci300,31,0,0
nerrs,sos_va,olci300,31,0,0
nerrs,sos_wi,olci300,31,0,0
nerrs,wel_in,olci300,31,1,1
nerrs,wqb_cr,olci300,31,0,0
nerrs,wqb_mh,olci300,31,0,0
nerrs,wqb_mp,olci300,31,0,0
nerrs,wqb_sl,olci300,31,0,0
narragansett,B12,dineof2k,31,31,8
cefas_full,wgab,olci300,31,9,1
narragansett,B12,olci4k,31,5,9
narragansett,B12w,viirs4k,31,0,0
narragansett,B12w,dineof2k,31,31,8
narragansett,B12w,olci4k,31,5,9
narragansett,B13,viirs4k,31,0,0
cefas_full,wgab2,olci300,31,10,2
narragansett,B13,dineof2k,31,31,9
narragansett,B13,olci4k,31,4,9
narragansett,B14,viirs4k,31,0,0
narragansett,B14,dineof2k,31,31,6
narragansett,B14,olci4k,31,4,7
narragansett,B2,viirs4k,31,0,0
narragansett,B2,dineof2k,31,31,8
cefas_full,lbay,olci300,31,13,1
narragansett,B2,olci4k,31,5,9
narragansett,B3,viirs4k,31,0,0
narragansett,B3,dineof2k,31,31,8
narragansett,B3,olci4k,31,4,9
narragansett,B3w,viirs4k,31,0,0
narragansett,B3w,dineof2k,31,31,8
narragansett,B3w,olci4k,31,4,9
narragansett,B3W,viirs4k,31,0,0
narragansett,B3W,dineof2k,31,31,8
cefas_full,dows,olci300,31,10,1
narragansett,B3W,olci4k,31,4,9
narragansett,B3a,viirs4k,31,0,0
narragansett,B3a,dineof2k,31,31,8
narragansett,B3a,olci4k,31,4,9
narragansett,UB2015,viirs4k,31,0,0
narragansett,UB2015,dineof2k,31,31,8
narragansett,UB2015,olci4k,31,4,9
narragansett,B4,viirs4k,31,0,0
narragansett,B4,dineof2k,31,31,8
narragansett,B4,olci4k,31,3,8
narragansett,B5,viirs4k,31,0,0
cefas_full,oyst,olci300,31,12,1
narragansett,B5,dineof2k,31,31,9
narragansett,B5,olci4k,31,5,9
narragansett,B6,viirs4k,31,0,0
narragansett,B6,dineof2k,31,31,9
narragansett,B6,olci4k,31,5,9
narragansett,B7,viirs4k,31,0,0
narragansett,B7,dineof2k,31,31,9
narragansett,B7,olci4k,31,5,9
cefas_full,cdeep,olci300,31,10,1
narragansett,F3,viirs4k,31,0,0
narragansett,F3,dineof2k,31,31,9
narragansett,F3,olci4k,31,4,8
narragansett,F4,viirs4k,31,0,0
narragansett,F4,dineof2k,31,31,2
narragansett,F4,olci4k,31,3,3
narragansett,F5,viirs4k,31,0,0
cefas_full,cdeep2,olci300,31,9,1
narragansett,F5,dineof2k,31,31,5
narragansett,F5,olci4k,31,2,4
narragansett,F7,viirs4k,31,0,0
narragansett,F7,dineof2k,31,31,8
narragansett,F7,olci4k,31,4,7
chesapeake,AES,viirs4k,31,0,0
chesapeake,AES,dineof2k,31,31,4
chesapeake,AES,olci4k,31,7,4
imos,NRSDAR,olci300,31,24,1
chesapeake,AWS,viirs4k,31,0,0
chesapeake,AWS,dineof2k,31,31,4
chesapeake,AWS,olci4k,31,7,4
chesapeake,BUD,viirs4k,31,0,0
chesapeake,BUD,dineof2k,31,31,2
chesapeake,BUD,olci4k,31,7,3
chesapeake,COR,viirs4k,31,0,0
imos,NRSESP,olci300,31,14,4
chesapeake,COR,dineof2k,31,31,2
chesapeake,COR,olci4k,31,8,3
chesapeake,FLT,viirs4k,31,0,0
chesapeake,FLT,dineof2k,31,31,6
chesapeake,FLT,olci4k,31,8,9
imos,NRSMAI,olci300,31,13,2
chesapeake,GOO,viirs4k,31,3,9
chesapeake,GOO,dineof2k,31,31,9
chesapeake,GOO,olci4k,31,11,9
chesapeake,GYK,viirs4k,31,0,0
chesapeake,GYK,dineof2k,31,31,4
chesapeake,GYK,olci4k,31,5,6
chesapeake,HAD,viirs4k,31,1,1
imos,NRSNSI,olci300,31,14,1
chesapeake,HAD,dineof2k,31,31,9
chesapeake,HAD,olci4k,31,11,9
chesapeake,HAU,viirs4k,31,1,1
chesapeake,HAU,dineof2k,31,31,7
chesapeake,HAU,olci4k,31,12,9
imos,NRSROT,olci300,31,9,1
chesapeake,IPL,viirs4k,31,0,0
chesapeake,IPL,dineof2k,31,31,1
chesapeake,IPL,olci4k,31,5,2
chesapeake,JUG,viirs4k,31,0,0
imos,NRSYON,olci300,31,20,1
chesapeake,JUG,dineof2k,31,31,2
chesapeake,JUG,olci4k,31,5,2
chesapeake,LMN,viirs4k,31,0,0
chesapeake,LMN,dineof2k,31,31,1
chesapeake,LMN,olci4k,31,12,7
chesapeake,MAB,viirs4k,31,0,0
chesapeake,MAB,dineof2k,31,31,8
chesapeake,MAB,olci4k,31,10,6
imos,PH100,olci300,31,20,1
chesapeake,MAT,viirs4k,31,0,0
chesapeake,MAT,dineof2k,31,31,6
chesapeake,MAT,olci4k,31,11,7
chesapeake,MSC,viirs4k,31,0,0
chesapeake,MSC,dineof2k,31,31,8
lake_erie,WE02,olci300,31,12,1
chesapeake,MSC,olci4k,31,8,6
chesapeake,MTI,viirs4k,31,0,0
chesapeake,MTI,dineof2k,31,31,3
chesapeake,MTI,olci4k,31,7,4
chesapeake,NPC,viirs4k,31,2,2
chesapeake,NPC,dineof2k,31,31,7
lake_erie,WE04,olci300,31,11,1
chesapeake,NPC,olci4k,31,9,7
chesapeake,OPC,viirs4k,31,0,0
chesapeake,OPC,dineof2k,31,31,4
chesapeake,OPC,olci4k,31,6,5
chesapeake,PPT,viirs4k,31,0,0
chesapeake,PPT,dineof2k,31,31,4
lake_erie,WE08,olci300,31,7,1
chesapeake,PPT,olci4k,31,8,8
chesapeake,PUB,viirs4k,31,0,0
chesapeake,PUB,dineof2k,31,31,6
chesapeake,PUB,olci4k,31,12,7
chesapeake,RIV,viirs4k,31,0,0
chesapeake,RIV,dineof2k,31,31,4
lake_erie,WE13,olci300,31,12,1
chesapeake,RIV,olci4k,31,5,6
chesapeake,SGC,viirs4k,31,0,0
chesapeake,SGC,dineof2k,31,31,9
chesapeake,SGC,olci4k,31,11,9
chesapeake,SPS,viirs4k,31,2,4
sfbay,LittlePotato,olci300,31,0,0
chesapeake,SPS,dineof2k,31,31,7
chesapeake,SPS,olci4k,31,10,9
chesapeake,SUS,viirs4k,31,0,0
chesapeake,SUS,dineof2k,31,31,7
chesapeake,SUS,olci4k,31,8,8
nerrs,cbm_ip,viirs4k,31,0,0
sfbay,JerseyPoint,olci300,31,0,0
nerrs,cbm_ip,dineof2k,31,31,1
nerrs,cbm_ip,olci4k,31,5,2
nerrs,cbm_mc,viirs4k,31,0,0
nerrs,cbm_mc,dineof2k,31,31,3
nerrs,cbm_mc,olci4k,31,7,4
nerrs,cbm_oc,viirs4k,31,0,0
sfbay,SacAbDCC,olci300,31,0,0
nerrs,cbm_oc,dineof2k,31,31,4
nerrs,cbm_oc,olci4k,31,6,5
nerrs,cbm_rr,viirs4k,31,0,0
nerrs,cbm_rr,dineof2k,31,31,2
nerrs,cbm_rr,olci4k,31,5,2
nerrs,kac_h3,viirs4k,31,5,7
sfbay,CacheSloughLiberty,olci300,31,6,1
nerrs,kac_h3,dineof2k,31,31,9
nerrs,kac_h3,olci4k,31,11,9
nerrs,kac_sd,viirs4k,31,4,3
sfbay,CacheSloughRyer,olci300,31,0,0
nerrs,kac_sd,dineof2k,31,31,9
nerrs,kac_sd,olci4k,31,10,9
nerrs,kac_ss,viirs4k,31,4,3
nerrs,kac_ss,dineof2k,31,31,9
nerrs,kac_ss,olci4k,31,10,9
nerrs,mar_ab,viirs4k,31,2,2
sfbay,DeckerIsland,olci300,31,21,1
nerrs,mar_ab,dineof2k,31,31,6
nerrs,mar_ab,olci4k,31,6,8
nerrs,mar_ce,viirs4k,31,0,0
sfbay,VanSickle,olci300,31,16,1
nerrs,mar_ce,dineof2k,31,31,8
nerrs,mar_ce,olci4k,31,7,9
nerrs,mar_cw,viirs4k,31,0,0
nerrs,mar_cw,dineof2k,31,31,6
nerrs,mar_cw,olci4k,31,7,4
nerrs,mar_sc,viirs4k,31,6,4
sfbay,FirstMallard,olci300,31,0,0
nerrs,mar_sc,dineof2k,31,31,9
nerrs,mar_sc,olci4k,31,8,9
nerrs,mar_mb,viirs4k,31,3,2
nerrs,mar_mb,dineof2k,31,31,9
nerrs,mar_mb,olci4k,31,8,9
nerrs,sos_ch,viirs4k,31,2,3
nerrs,sos_ch,dineof2k,31,31,7
nerrs,sos_ch,olci4k,31,11,8
nerrs,sos_se,viirs4k,31,0,0
nerrs,sos_se,dineof2k,31,31,1
nerrs,sos_se,olci4k,31,8,3
nerrs,sos_va,viirs4k,31,2,1
nerrs,sos_va,dineof2k,31,31,6
nerrs,sos_va,olci4k,31,11,8
nerrs,sos_wi,viirs4k,31,0,0
nerrs,sos_wi,dineof2k,31,31,2
nerrs,sos_wi,olci4k,31,9,6
nerrs,wel_in,viirs4k,31,3,2
nerrs,wel_in,dineof2k,31,31,7
nerrs,wel_in,olci4k,31,5,5
nerrs,wqb_cr,viirs4k,31,4,4
nerrs,wqb_cr,dineof2k,31,31,6
nerrs,wqb_cr,olci4k,31,5,8
nerrs,wqb_mh,viirs4k,31,2,3
nerrs,wqb_mh,dineof2k,31,31,8
nerrs,wqb_mh,olci4k,31,5,6
nerrs,wqb_mp,viirs4k,31,4,4
nerrs,wqb_mp,dineof2k,31,31,4
nerrs,wqb_mp,olci4k,31,5,8
nerrs,wqb_sl,viirs4k,31,4,4
nerrs,wqb_sl,dineof2k,31,31,8
nerrs,wqb_sl,olci4k,31,5,8
cefas_full,wgab,viirs4k,31,10,9
cefas_full,wgab,dineof2k,31,31,6
cefas_full,wgab,olci4k,31,10,9
cefas_full,wgab2,viirs4k,31,11,9
cefas_full,wgab2,dineof2k,31,31,9
cefas_full,wgab2,olci4k,31,8,9
cefas_full,lbay,viirs4k,31,12,9
cefas_full,lbay,dineof2k,31,31,9
cefas_full,lbay,olci4k,31,8,9
cefas_full,dows,viirs4k,31,10,9
cefas_full,dows,dineof2k,31,31,9
cefas_full,dows,olci4k,31,9,9
cefas_full,oyst,viirs4k,31,6,9
cefas_full,oyst,dineof2k,31,31,9
cefas_full,oyst,olci4k,31,15,9
cefas_full,cdeep,viirs4k,31,11,9
cefas_full,cdeep,dineof2k,31,31,6
cefas_full,cdeep,olci4k,31,11,9
cefas_full,cdeep2,viirs4k,31,9,9
cefas_full,cdeep2,dineof2k,31,31,6
cefas_full,cdeep2,olci4k,31,8,9
imos,NRSDAR,viirs4k,31,13,9
imos,NRSDAR,dineof2k,31,31,9
imos,NRSDAR,olci4k,31,12,9
imos,NRSESP,viirs4k,31,3,3
imos,NRSESP,dineof2k,31,31,9
imos,NRSESP,olci4k,31,11,9
imos,NRSMAI,viirs4k,31,6,9
imos,NRSMAI,dineof2k,31,31,9
imos,NRSMAI,olci4k,31,8,9
imos,NRSNSI,viirs4k,31,16,9
imos,NRSNSI,dineof2k,31,31,6
imos,NRSNSI,olci4k,31,12,9
imos,NRSROT,viirs4k,31,4,8
imos,NRSROT,dineof2k,31,31,9
imos,NRSROT,olci4k,31,11,9
imos,NRSYON,viirs4k,31,18,9
imos,NRSYON,dineof2k,31,31,9
imos,NRSYON,olci4k,31,12,9
imos,PH100,viirs4k,31,16,9
imos,PH100,dineof2k,31,31,9
imos,PH100,olci4k,31,15,9
lake_erie,WE02,viirs4k,31,6,9
lake_erie,WE02,dineof2k,31,31,9
lake_erie,WE02,olci4k,31,4,9
lake_erie,WE04,viirs4k,31,9,9
lake_erie,WE04,dineof2k,31,31,9
lake_erie,WE04,olci4k,31,6,9
lake_erie,WE08,viirs4k,31,5,7
lake_erie,WE08,dineof2k,31,31,6
lake_erie,WE08,olci4k,31,5,8
lake_erie,WE13,viirs4k,31,7,9
lake_erie,WE13,dineof2k,31,31,9
lake_erie,WE13,olci4k,31,5,9
sfbay,LittlePotato,viirs4k,31,0,0
sfbay,LittlePotato,dineof2k,31,0,0
sfbay,LittlePotato,olci4k,31,11,5
sfbay,JerseyPoint,viirs4k,31,0,0
sfbay,JerseyPoint,dineof2k,31,31,7
sfbay,JerseyPoint,olci4k,31,15,9
sfbay,SacAbDCC,viirs4k,31,0,0
sfbay,SacAbDCC,dineof2k,31,31,2
sfbay,SacAbDCC,olci4k,31,3,2
sfbay,CacheSloughLiberty,viirs4k,31,0,0
sfbay,CacheSloughLiberty,dineof2k,31,31,4
sfbay,CacheSloughLiberty,olci4k,31,16,5
sfbay,CacheSloughRyer,viirs4k,31,0,0
sfbay,CacheSloughRyer,dineof2k,31,31,3
sfbay,CacheSloughRyer,olci4k,31,16,5
sfbay,DeckerIsland,viirs4k,31,0,0
sfbay,DeckerIsland,dineof2k,31,31,6
sfbay,DeckerIsland,olci4k,31,15,8
sfbay,VanSickle,viirs4k,31,0,0
sfbay,VanSickle,dineof2k,31,31,9
sfbay,VanSickle,olci4k,31,13,6
sfbay,FirstMallard,viirs4k,31,0,0
sfbay,FirstMallard,dineof2k,31,0,0
sfbay,FirstMallard,olci4k,31,13,7
