server,dataset_id,n_stations,years,n_onset,n_test,tp,fp,fn,base_rate,precision,pod,lift,lift_lo,lift_hi,auc,auc_lo,auc_hi,precision_lo,precision_hi,t_star,ycal
IOOS-Sensors,2nd-avenue-pier,1,4.9,,,,,,,,,,,,,,,,,,
NERACOOS,UNH_GBB,1,3.2,329.0,329.0,70.0,154.0,10.0,0.24316109422492402,0.3125,0.875,1.28515625,1.0765379113018596,1.6737235367372354,0.6729417670682731,0.4802197802197802,0.8313572004144124,0.056,0.6363636363636364,0.3,2022.0
NERACOOS,UNH_WBD,1,2.0,263.0,263.0,14.0,14.0,16.0,0.11406844106463879,0.5,0.4666666666666667,4.383333333333333,2.35,4.383333333333333,0.842346208869814,0.7261261261261261,0.842346208869814,0.5,0.5,0.5,2023.0
IOOS-Sensors,apache-pier,1,9.7,2411.0,2411.0,626.0,412.0,395.0,0.4234757362090419,0.603082851637765,0.6131243878550441,1.424126107050589,1.1631210184780032,1.8590015630210235,0.7310582092602118,0.6264816541914905,0.8169633340097396,0.5144148118700519,0.7067003788626449,0.4,2016.0
IOOS-Sensors,bodega-bay-bml_wts,1,14.2,4494.0,4494.0,169.0,174.0,409.0,0.12861593235425012,0.49271137026239065,0.29238754325259514,3.83087352588094,1.0462429146756367,4.845495462502523,0.6915418423573239,0.5393603753529989,0.7798355664495027,0.07842589549786395,0.659426434761941,0.05,2011.0
IOOS-Sensors,carquinez,1,11.4,2111.0,2111.0,266.0,448.0,89.0,0.16816674561819042,0.37254901960784315,0.7492957746478873,2.215354874344104,1.7101972485313492,2.6671713214373307,0.8258983284673875,0.7297583291313485,0.8727477225917589,0.20206132968651377,0.49183764599003754,0.2,2012.0
IOOS-Sensors,cherry-grove-pier,1,9.7,2203.0,2203.0,804.0,903.0,91.0,0.40626418520199725,0.4710017574692443,0.8983240223463688,1.159348460005302,1.0866053194810976,1.230401528634068,0.696043257649531,0.6520463419506476,0.7409359135501451,0.38284227523555614,0.5559965424711855,0.05,2016.0
IOOS-Sensors,com_aquaamerica_leash,1,5.6,904.0,904.0,251.0,434.0,18.0,0.2975663716814159,0.36642335766423356,0.9330855018587361,1.2314004287303613,1.0532099775097117,1.515966386554622,0.7191991335655533,0.5856031796153159,0.8733655662722482,0.16393442622950818,0.4886831275720165,0.15000000000000002,2016.0
IOOS-Sensors,com_aquaamerica_lementor,1,4.5,786.0,786.0,216.0,294.0,41.0,0.32697201017811706,0.4235294117647059,0.8404669260700389,1.295307850766766,1.2330199692780337,1.4000492022211288,0.7315027987613366,0.6659073425560379,0.7733112504436295,0.3167420814479638,0.544529262086514,0.4,2016.0
IOOS-Sensors,edu_calpoly_marine_morro,1,9.6,2224.0,2224.0,533.0,567.0,74.0,0.272931654676259,0.48454545454545456,0.8780889621087314,1.7753362288452896,1.618692373718272,1.943435224600586,0.8396709589931525,0.7943257187214264,0.8793591040074821,0.3772340599127417,0.6048807380211865,0.2,2016.0
IOOS-Sensors,edu_humboldt_humboldt,1,8.7,2064.0,2064.0,315.0,465.0,72.0,0.1875,0.40384615384615385,0.813953488372093,2.1538461538461537,1.9051830374823,2.49234304683583,0.8481253437986807,0.8004750102282812,0.8914742011059359,0.358695652173913,0.4653692006833303,0.1,2017.0
IOOS-Sensors,edu_humboldt_tdp,1,8.7,2050.0,2050.0,404.0,295.0,297.0,0.34195121951219515,0.5779685264663805,0.5763195435092725,1.6902075310357774,1.5281273241109323,1.8969479290680697,0.731478593008611,0.6812204828354639,0.7761094145330337,0.5054781408274093,0.6590278865341382,0.35000000000000003,2017.0
IOOS-Sensors,edu_ucsc_scwharf1,1,12.6,1557.0,1557.0,68.0,34.0,66.0,0.08606294155427104,0.6666666666666666,0.5074626865671642,7.746268656716417,2.0637863583963725,17.92105640046375,0.924539285302231,0.8297679377796838,0.9794785303054837,0.18742788461538462,0.9245283018867925,0.7000000000000001,2013.0
IOOS-Sensors,fort-johnson,1,5.6,1454.0,1454.0,379.0,484.0,24.0,0.27716643741403024,0.4391657010428737,0.9404466501240695,1.584483695574041,1.0254476120389031,3.132780337941628,0.8351493201559191,0.6668276106625527,0.9432291959846139,0.3253333333333333,0.5087069161550205,0.1,2020.0
IOOS-Sensors,fort-point,1,12.7,3379.0,3379.0,129.0,371.0,72.0,0.05948505474992601,0.258,0.6417910447761194,4.337223880597015,2.6340675417135286,8.643202102230731,0.7469919126832796,0.6250535230724694,0.8606018824392208,0.1351335340079416,0.458955223880597,0.8500000000000001,2009.0
IOOS-Sensors,glos_crib,1,5.1,433.0,433.0,125.0,134.0,40.0,0.3810623556581986,0.4826254826254826,0.7575757575757576,1.2665262665262664,0.9797332635983264,1.4944275582573454,0.6645974672094076,0.4671132981018119,0.7344570323293728,0.34186507936507937,0.6083822309846812,0.35000000000000003,2016.0
IOOS-Sensors,glos_leavon,1,6.6,1234.0,1234.0,198.0,270.0,82.0,0.22690437601296595,0.4230769230769231,0.7071428571428572,1.8645604395604396,1.5757908353259378,2.119912797436612,0.7876310272536687,0.7521722250753528,0.8221118724907177,0.3697674418604651,0.48366755623332025,0.3,2015.0
IOOS-Sensors,glos_leelyria,1,6.6,1216.0,1216.0,438.0,618.0,22.0,0.3782894736842105,0.4147727272727273,0.9521739130434783,1.0964426877470357,1.005039239983478,1.1967492294113777,0.7147227973314929,0.6620865305111706,0.7561917025382688,0.3457142857142857,0.5135764772788817,0.15000000000000002,2015.0
IOOS-Sensors,glos_lemrbhd,1,5.3,382.0,382.0,127.0,132.0,23.0,0.39267015706806285,0.49034749034749037,0.8466666666666667,1.2487516087516086,1.16517709367759,1.2874925903971548,0.7207327586206898,0.6161943319838057,0.7810128579275527,0.3230769230769231,0.5704228984012376,0.15000000000000002,2016.0
IOOS-Sensors,glos_leoc,1,7.0,1436.0,1436.0,229.0,179.0,283.0,0.3565459610027855,0.5612745098039216,0.447265625,1.5741996017156863,1.3447839830796569,1.8220052976145409,0.6810815323998918,0.605760255646555,0.7184685905249777,0.33513513513513515,0.7064349897408079,0.6000000000000001,2015.0
IOOS-Sensors,glos_leorgn,1,6.6,1396.0,1396.0,521.0,638.0,31.0,0.3954154727793696,0.44952545297670404,0.9438405797101449,1.1368433557164472,1.072780866826178,1.2227074959512974,0.6930034686448244,0.6414559743910123,0.7487594205132159,0.3643831084046447,0.5327564894932015,0.05,2015.0
IOOS-Sensors,glos_lsps,1,6.6,1178.0,1178.0,259.0,233.0,115.0,0.3174872665534805,0.5264227642276422,0.6925133689839572,1.6580909525672796,1.1977285318313333,2.43657718559606,0.7629931891345412,0.6297598749644786,0.8674757585236159,0.32523809523809527,0.7029520295202952,0.3,2015.0
IOOS-Sensors,gov-ndbc-44061,1,1.3,207.0,207.0,53.0,105.0,21.0,0.357487922705314,0.33544303797468356,0.7162162162162162,0.938333903523777,0.938333903523777,1.0,0.41780125990652306,0.053333333333333316,0.4861404249331645,0.14285714285714285,0.3902439024390244,0.05,2015.0
IOOS-Sensors,gov-ndbc-44063,1,2.3,279.0,279.0,93.0,97.0,18.0,0.3978494623655914,0.48947368421052634,0.8378378378378378,1.230298719772404,1.0,1.424360686042929,0.7303732303732303,0.6812474520994699,0.8670705630791162,0.36666666666666664,0.9393939393939394,0.5,2019.0
IOOS-Sensors,gov-ndbc-44069,1,7.8,,,,,,,,,,,,,,,,,,
IOOS-Sensors,gov-ndbc-45013,1,5.3,776.0,776.0,148.0,308.0,67.0,0.2770618556701031,0.32456140350877194,0.6883720930232559,1.1714402284781722,1.0380425674543323,1.294753086419753,0.6055921734444306,0.497237734942653,0.683287478745513,0.19998753117206983,0.47358834244080145,0.05,2018.0
IOOS-Sensors,gov-ndbc-45014,1,7.2,188.0,188.0,38.0,2.0,32.0,0.3723404255319149,0.95,0.5428571428571428,2.5514285714285716,1.176,5.45945945945946,0.9171912832929782,0.7012987012987013,0.9786324786324786,0.9142857142857143,1.0,0.9500000000000001,2016.0
IOOS-Sensors,indian-river-lagoon-banana-river,1,3.5,920.0,920.0,126.0,156.0,81.0,0.225,0.44680851063829785,0.6086956521739131,1.9858156028368792,1.3242424242424242,2.7654458009618943,0.7940016667682989,0.7346938775510203,0.8214225996393041,0.39106145251396646,0.5436893203883495,0.6500000000000001,2022.0
IOOS-Sensors,indian-river-lagoon-fort-pierce-,1,10.7,2765.0,2765.0,845.0,888.0,265.0,0.4014466546112116,0.4875937680323139,0.7612612612612613,1.2145916834318449,1.08117709628146,1.3657145146490175,0.6818788274679514,0.5948973253327496,0.7573572729464572,0.4247645277323114,0.549284894169329,0.3,2015.0
IOOS-Sensors,indian-river-lagoon-jensen-beach,1,9.7,2414.0,2414.0,409.0,337.0,388.0,0.33015741507870755,0.5482573726541555,0.5131744040150564,1.6605938489173544,1.4508477463190759,1.9964674653148333,0.7405348132180899,0.6821347911923785,0.7914422916833133,0.4772979563567454,0.6266583268435755,0.7000000000000001,2015.0
IOOS-Sensors,indian-river-lagoon-link-port-ir,1,11.6,3077.0,3077.0,917.0,1191.0,150.0,0.346766330841729,0.43500948766603414,0.85941893158388,1.2544744081990507,1.1623463605428184,1.344864712735728,0.7254290869924044,0.6820943282374861,0.7644534853100922,0.3888072042342641,0.4855213520307206,0.15000000000000002,2014.0
IOOS-Sensors,indian-river-lagoon-malabar-irl-,1,2.5,536.0,536.0,32.0,63.0,35.0,0.125,0.3368421052631579,0.47761194029850745,2.694736842105263,0.0,3.505952380952381,0.8089615886452599,0.673216498495309,0.9040178571428573,0.0,0.7916666666666666,0.3,2022.0
IOOS-Sensors,indian-river-lagoon-sebastian-ir,1,10.6,2794.0,2794.0,562.0,857.0,227.0,0.2823908375089477,0.3960535588442565,0.7122940430925222,1.4025014491899275,1.2190110511706567,1.6054326735882585,0.6996387358599698,0.6286093813226608,0.7621344765440548,0.3051407076042062,0.4921069665677426,0.3,2015.0
IOOS-Sensors,indian-river-lagoon-st-lucie-est,1,10.3,2468.0,2468.0,390.0,469.0,406.0,0.3225283630470016,0.4540162980209546,0.4899497487437186,1.4076786727584372,1.178695186048285,1.6676389523280244,0.6657299656175615,0.6003512159711084,0.7188166514056711,0.38266609664956613,0.5461022706955122,0.45,2015.0
IOOS-Sensors,indian-river-lagoon-titusville-i,1,3.5,781.0,781.0,109.0,219.0,66.0,0.22407170294494239,0.3323170731707317,0.6228571428571429,1.4830836236933798,1.2546203400570282,2.031191545080434,0.6962659123055164,0.596083061323703,0.8562841530054645,0.215962441314554,0.6476683937823834,0.8500000000000001,2022.0
IOOS-Sensors,indian-river-lagoon-vero-beach-i,1,10.7,2673.0,2673.0,396.0,428.0,349.0,0.2787130564908343,0.48058252427184467,0.5315436241610738,1.7242913924545513,1.505389609337816,1.9549610180035366,0.7026789941240358,0.6477901229897024,0.7606362523664972,0.3833724506184029,0.5786165922511882,0.4,2015.0
IOOS-Sensors,ism-cencoos-morro-bay-bs1,1,3.6,875.0,875.0,209.0,398.0,12.0,0.25257142857142856,0.3443163097199341,0.9457013574660633,1.3632433077146713,1.1918593163406441,1.6077540325882258,0.7820582008385569,0.7282283699996852,0.8347587647711693,0.2540983606557377,0.530952380952381,0.15000000000000002,2022.0
IOOS-Sensors,ism-cencoos-san-luis-bay-cal-pol-1,1,7.7,1806.0,1806.0,488.0,819.0,49.0,0.2973421926910299,0.37337413925019125,0.9087523277467412,1.2557052057464533,1.176076699033818,1.3496937626683687,0.7274617618529817,0.6907500021156829,0.7713576803213945,0.3305335242270749,0.41147898102169916,0.2,2018.0
IOOS-Sensors,ism-cencoos-santa-monica-pier-au-1,1,21.2,,,,,,,,,,,,,,,,,,
IOOS-Sensors,ism-gcoos-disl_bsca,1,1.6,338.0,338.0,34.0,304.0,0.0,0.10059171597633136,0.10059171597633136,1.0,1.0,1.0,1.0,0.3214009287925697,0.31818181818181823,0.9482758620689655,0.03333333333333333,0.10714285714285714,0.9500000000000001,2024.0
IOOS-Sensors,ism-gcoos-disl_mbla,1,0.6,,,,,,,,,,,,,,,,,,
IOOS-Sensors,ism-gcoos-disl_ppta,1,2.1,,,,,,,,,,,,,,,,,,
IOOS-Sensors,ism-gcoos-lumcon_101,1,4.5,844.0,844.0,141.0,210.0,81.0,0.26303317535545023,0.4017094017094017,0.6351351351351351,1.5272195272195273,1.4321880650994574,1.5888517882302986,0.6915029981750239,0.6342525399129172,0.7328528249244362,0.2847336148239787,0.5045592705167173,0.6500000000000001,2019.0
IOOS-Sensors,ism-gcoos-lumcon_102,1,1.2,327.0,327.0,23.0,200.0,0.0,0.07033639143730887,0.1031390134529148,1.0,1.4663677130044843,1.3451776649746194,1.4663677130044843,0.8226544622425629,0.7856629536471433,0.8226544622425629,0.0,0.116751269035533,0.1,2019.0
IOOS-Sensors,ism-gcoos-sccf_11,1,14.4,2437.0,2437.0,720.0,1483.0,37.0,0.31062782109150594,0.3268270540172492,0.9511228533685601,1.0521499744254112,1.0051987225574974,1.1132578618493503,0.530258067559917,0.44003076471369507,0.6173273731374938,0.25563483748856614,0.3997125628997381,0.8500000000000001,2011.0
IOOS-Sensors,ism-gcoos-sccf_12,1,4.0,998.0,998.0,113.0,146.0,138.0,0.251503006012024,0.4362934362934363,0.450199203187251,1.7347444200033844,1.590909090909091,2.018404038421701,0.7049019450977883,0.6337098692033294,0.7872034329228212,0.36363636363636365,0.5089285714285714,0.35000000000000003,2008.0
IOOS-Sensors,ism-gcoos-sccf_13,1,15.4,3363.0,3363.0,862.0,1514.0,97.0,0.28516205768658937,0.3627946127946128,0.8988529718456726,1.2722401280795441,1.1081052582939244,1.492598053101069,0.724956147123581,0.6518973412186216,0.7813223112326331,0.30055654443335295,0.44003707521389873,0.4,2008.0
IOOS-Sensors,ism-gcoos-sccf_16,1,8.7,2093.0,2093.0,677.0,639.0,33.0,0.33922599139990445,0.5144376899696048,0.9535211267605633,1.5165043452202576,1.0616088721462886,2.6192801128907477,0.7853365311172893,0.5943549309849233,0.8972168453538678,0.4306164618551557,0.6095394916116373,0.9500000000000001,2008.0
IOOS-Sensors,ism-gcoos-sccf_18,1,12.7,2108.0,2108.0,212.0,397.0,184.0,0.18785578747628084,0.34811165845648606,0.5353535353535354,1.8530792323895773,1.3330150605466873,2.7482627189455533,0.6978178396110639,0.5706991616738744,0.802350531140354,0.24156375681881334,0.4756120591581339,0.1,2013.0
IOOS-Sensors,ism-gcoos-sccf_56,1,11.7,1545.0,1545.0,307.0,662.0,94.0,0.25954692556634307,0.31682146542827655,0.7655860349127181,1.220671232136377,1.0554576613528481,1.3751817296441202,0.6602429677554366,0.567899741534397,0.7292580975152151,0.22609205862630521,0.4030487307634058,0.15000000000000002,2014.0
IOOS-Sensors,ism-glos-obs_43,1,4.0,,,,,,,,,,,,,,,,,,
IOOS-Sensors,ism-secoora-st-lucie-estuary-mid,1,3.6,976.0,976.0,261.0,352.0,51.0,0.319672131147541,0.4257748776508972,0.8365384615384616,1.3319111557284475,1.1798203909138933,1.5104758811109307,0.7441158866234167,0.6814529220779222,0.8103985056039851,0.3727810650887574,0.4909090909090909,0.1,2022.0
IOOS-Sensors,ism-secoora-st-lucie-estuary-nor,1,3.4,962.0,962.0,202.0,367.0,24.0,0.23492723492723494,0.35500878734622143,0.8938053097345132,1.5111435992348008,1.2878847491124692,2.4159317077772013,0.7528526596767987,0.6741419915859821,0.8336384926548861,0.25462962962962965,0.42641509433962266,0.15000000000000002,2022.0
IOOS-Sensors,ism-secoora-st-lucie-estuary-sou-1,1,3.7,968.0,968.0,194.0,155.0,138.0,0.34297520661157027,0.5558739255014327,0.5843373493975904,1.6207408430282735,1.1138708309779537,2.562983152232902,0.7459389444570735,0.5754093668620448,0.8310111989459816,0.4131455399061033,0.676829268292683,0.45,2022.0
IOOS-Sensors,mlml_mlml_sea,1,14.7,3612.0,3612.0,496.0,545.0,176.0,0.18604651162790697,0.47646493756003844,0.7380952380952381,2.5609990393852065,1.8809006011005158,3.822230122151369,0.8524432094266279,0.7897760681199761,0.9102256077047164,0.37785548617009984,0.5775150313315008,0.25,2011.0
IOOS-Sensors,mlml_monterey,1,4.3,482.0,482.0,75.0,47.0,70.0,0.3008298755186722,0.6147540983606558,0.5172413793103449,2.0435274166195594,1.4006,3.0345829700668414,0.7565333060472731,0.4991202346041055,0.8283582089552239,0.10810810810810811,0.7692307692307693,0.3,2014.0
IOOS-Sensors,newport-pier-automated-shore-sta,1,12.6,3063.0,3063.0,253.0,253.0,157.0,0.13385569702905648,0.5,0.6170731707317073,3.7353658536585366,3.0212074662741,4.775861560010886,0.8445919483695403,0.804822015991401,0.8856921545567854,0.37267429647731015,0.6264575257836993,0.7500000000000001,2013.0
PacIOOS,nss_001,1,3.2,886.0,886.0,34.0,119.0,142.0,0.1986455981941309,0.2222222222222222,0.19318181818181818,1.1186868686868687,1.005004170141785,1.7864583333333335,0.5110875480153649,0.4285589468779124,0.6571969696969697,0.1407035175879397,0.5833333333333334,0.1,2009.0
PacIOOS,nss_002,1,17.7,4128.0,4128.0,1145.0,1851.0,92.0,0.29966085271317827,0.3821762349799733,0.9256265157639451,1.2753625691166772,1.1355308582332335,1.4813790460528689,0.7459187448460881,0.6911317941651175,0.7966730300517119,0.3138388975121334,0.4497928488813686,0.05,2008.0
PacIOOS,nss_005,1,14.6,1840.0,1840.0,683.0,591.0,37.0,0.391304347826087,0.5361067503924647,0.9486111111111111,1.3700505843362987,1.1092605168258645,1.7310503494511373,0.8084765625,0.7094735346771482,0.8692824794528669,0.4256303837118246,0.6570121338596181,0.7000000000000001,2011.0
PacIOOS,nss_006,3,12.0,2300.0,2300.0,610.0,1000.0,52.0,0.28782608695652173,0.37888198757763975,0.9214501510574018,1.3163573586534312,1.146716128781326,1.5200726862078324,0.7930361431116717,0.6978055835733636,0.8602504879064504,0.23100125672759064,0.5308728050759923,0.05,2010.0
PacIOOS,nss_007,1,14.6,2145.0,2145.0,481.0,684.0,76.0,0.2596736596736597,0.4128755364806867,0.8635547576301615,1.5899785022460915,1.2769670402737965,2.1846373920764828,0.8037141216213161,0.7284585234141173,0.874870700552595,0.30853544342980965,0.5268940011261732,0.9000000000000001,2010.0
PacIOOS,nss_008,1,3.4,517.0,517.0,71.0,9.0,52.0,0.2379110251450677,0.8875,0.5772357723577236,3.7303861788617882,1.3189665880014905,10.06578947368421,0.9218150303330443,0.8452499722868861,0.9706986444212721,0.75,0.9661016949152542,0.9500000000000001,2010.0
PacIOOS,nss_010,1,14.7,3277.0,3277.0,778.0,907.0,250.0,0.31370155630149527,0.4617210682492582,0.7568093385214008,1.4718481912965167,1.1847531977742567,2.042770923411961,0.7564609346479976,0.6746045246991104,0.8367852963451698,0.3379488016561587,0.5750915595794391,0.3,2011.0
PacIOOS,nss_012,2,9.6,928.0,928.0,22.0,120.0,171.0,0.20797413793103448,0.15492957746478872,0.11398963730569948,0.7449463621104867,0.0,1.112605649243767,0.48297909837510133,0.3872988241084362,0.6022051758109936,0.0,0.1910828025477707,0.05,2015.0
PacIOOS,nss_013,1,2.2,,,,,,,,,,,,,,,,,,
PacIOOS,nss_015,2,12.2,1236.0,1236.0,44.0,38.0,287.0,0.26779935275080907,0.5365853658536586,0.13293051359516617,2.00368432687348,0.9261194100681939,2.7537298795826803,0.5613977399809718,0.46440891570048726,0.645699649818828,0.2320684523809524,0.7272727272727273,0.4,2013.0
PacIOOS,nss_016,1,2.1,385.0,385.0,56.0,43.0,26.0,0.21298701298701297,0.5656565656565656,0.6829268292682927,2.655826558265583,1.090909090909091,10.307692307692307,0.8202125090557837,0.7903410173366355,1.0,0.5,1.0,0.8500000000000001,2014.0
PacIOOS,nss_cwb_001,1,0.9,,,,,,,,,,,,,,,,,,
PacIOOS,nss_cwb_004,2,1.0,,,,,,,,,,,,,,,,,,
PacIOOS,nss_wqspp_002,1,1.6,,,,,,,,,,,,,,,,,,
PacIOOS,nss_wqspp_003,1,1.0,,,,,,,,,,,,,,,,,,
PacIOOS,nss_wqspp_004,1,1.7,,,,,,,,,,,,,,,,,,
PacIOOS,nss_wqspp_005,1,1.4,,,,,,,,,,,,,,,,,,
IOOS-Sensors,oa2-mbari-buoy,1,10.7,1881.0,1881.0,132.0,388.0,17.0,0.07921318447634237,0.25384615384615383,0.8859060402684564,3.2045947341249352,1.489870335409747,12.641350210970465,0.8951361656617636,0.7596387271155505,0.9918270232125523,0.07423580786026202,0.338631041270703,0.1,2015.0
ONC,scalar_117688,1,0.5,132.0,132.0,57.0,32.0,13.0,0.5303030303030303,0.6404494382022472,0.8142857142857143,1.2077046548956663,1.2077046548956663,1.2077046548956663,0.7150921658986175,0.7150921658986175,0.7150921658986175,0.6404494382022472,0.6404494382022472,0.05,2010.0
ONC,scalar_1189342,1,0.4,117.0,117.0,65.0,50.0,1.0,0.5641025641025641,0.5652173913043478,0.9848484848484849,1.0019762845849802,1.0019762845849802,1.0019762845849802,0.517379679144385,0.517379679144385,0.517379679144385,0.5652173913043478,0.5652173913043478,0.05,2013.0
ONC,scalar_1200766,1,0.6,176.0,176.0,22.0,59.0,0.0,0.125,0.2716049382716049,1.0,2.1728395061728394,2.1728395061728394,2.1728395061728394,0.9278335301062575,0.9278335301062575,0.9278335301062575,0.2716049382716049,0.2716049382716049,0.25,2018.0
ONC,scalar_1211291,1,0.5,125.0,125.0,16.0,11.0,7.0,0.184,0.5925925925925926,0.6956521739130435,3.2206119162640903,3.2206119162640903,3.2206119162640903,0.9075021312872975,0.9075021312872975,0.9075021312872975,0.5925925925925926,0.5925925925925926,0.25,2022.0
ONC,scalar_1211296,1,0.5,126.0,126.0,31.0,23.0,10.0,0.3253968253968254,0.5740740740740741,0.7560975609756098,1.7642276422764227,1.7642276422764227,1.7642276422764227,0.7741750358680057,0.7741750358680057,0.7741750358680057,0.5740740740740741,0.5740740740740741,0.25,2022.0
ONC,scalar_1211301,1,0.5,125.0,125.0,33.0,22.0,10.0,0.344,0.6,0.7674418604651163,1.744186046511628,1.744186046511628,1.744186046511628,0.7977878615995462,0.7977878615995462,0.7977878615995462,0.6,0.6,0.3,2022.0
IOOS-Sensors,scripps-pier-automated-shore-sta-1,1,12.6,3264.0,3264.0,358.0,534.0,140.0,0.15257352941176472,0.4013452914798206,0.7188755020080321,2.6305040790966556,2.334149227878731,3.0590163885178714,0.8237058864525346,0.7871091465245766,0.8599148961442686,0.2814297700021918,0.5251288816962192,0.9500000000000001,2013.0
IOOS-Sensors,tiburon-water-tibc1,1,17.7,3491.0,3491.0,486.0,1131.0,79.0,0.16184474362646806,0.300556586270872,0.8601769911504424,1.857067332162149,1.5711276868996125,2.3334265743145988,0.8276637894010972,0.7736960174650447,0.8800527268021465,0.2409652325504901,0.3669851049583573,0.45,2008.0
IOOS-Sensors,tomales-bay-buoy,1,1.7,470.0,470.0,159.0,105.0,66.0,0.4787234042553192,0.6022727272727273,0.7066666666666667,1.2580808080808081,0.9768588251403534,1.5114058355437665,0.7032925170068027,0.5291460832745236,0.7512931034482759,0.5923076923076923,0.6119402985074627,0.15000000000000002,2019.0
IOOS-Sensors,wiyot_tribe_indianisland,1,2.2,314.0,314.0,48.0,40.0,22.0,0.2229299363057325,0.5454545454545454,0.6857142857142857,2.4467532467532465,1.5859375,8.272727272727272,0.8315866510538642,0.7780677104241938,0.9777777777777777,0.09090909090909091,0.875,0.2,2017.0
PacIOOS,wqb_04,1,14.6,2368.0,2368.0,370.0,1167.0,60.0,0.18158783783783783,0.24072869225764476,0.8604651162790697,1.3256873099211695,1.1292987479823156,1.5743829132673686,0.7813365493076054,0.6644570823981466,0.8560403182327432,0.1237000225130667,0.37437924926887883,0.5,2011.0
PacIOOS,wqb_05,1,6.2,1297.0,1297.0,167.0,1033.0,9.0,0.13569776407093292,0.13916666666666666,0.9488636363636364,1.0255634469696968,0.9529189948608118,1.134387351778656,0.57885360068121,0.4005313085040737,0.7498808388941849,0.07100591715976332,0.2730964846509571,0.2,2018.0
