server,dataset_id,n_stations,years,n_onset,n_test,tp,fp,fn,base_rate,precision,pod,lift,lift_lo,lift_hi,auc,auc_lo,auc_hi,precision_lo,precision_hi,t_star
IOOS-Sensors,2nd-avenue-pier,1,4.9,,,,,,,,,,,,,,,,,
NERACOOS,UNH_GBB,1,3.2,329.0,329.0,67.0,122.0,13.0,0.24316109422492402,0.3544973544973545,0.8375,1.4578703703703701,1.2027655562539283,1.8634482758620687,0.7208835341365463,0.5362637362637362,0.8454011741682975,0.06315789473684211,0.648936170212766,0.3
NERACOOS,UNH_WBD,1,2.0,263.0,263.0,14.0,13.0,16.0,0.11406844106463879,0.5185185185185185,0.4666666666666667,4.545679012345679,2.4370370370370367,4.545679012345679,0.813304721030043,0.7381381381381381,0.813304721030043,0.5185185185185185,0.5185185185185185,0.7000000000000001
IOOS-Sensors,apache-pier,1,9.7,2411.0,2411.0,745.0,701.0,276.0,0.4234757362090419,0.5152143845089903,0.7296767874632712,1.216632596524168,1.081588349260645,1.4183255079602892,0.6766581641640654,0.6016296244817616,0.7574045476786011,0.4074508101851852,0.639449884613993,0.25
IOOS-Sensors,bodega-bay-bml_wts,1,14.2,4494.0,4494.0,466.0,2517.0,112.0,0.12861593235425012,0.1562185719074757,0.8062283737024222,1.2146129102979166,1.106334472300982,1.3513544133088107,0.694665174547858,0.6164426554364251,0.743768174783286,0.08794721552685543,0.25497322986610566,0.35000000000000003
IOOS-Sensors,carquinez,1,11.4,2111.0,2111.0,262.0,436.0,93.0,0.16816674561819042,0.3753581661891118,0.7380281690140845,2.2320594051414506,1.6657428458859977,2.861147826334044,0.8190044595591773,0.7443940819123477,0.8698576357390727,0.23863574738710314,0.47803794324583343,0.6000000000000001
IOOS-Sensors,cherry-grove-pier,1,9.7,2203.0,2203.0,895.0,1304.0,0.0,0.40626418520199725,0.4070031832651205,1.0,1.0018190086402912,1.0,1.0041608085420108,0.6744033280371755,0.6319927203776833,0.7113729703965358,0.32403469383524014,0.5012023906673981,0.05
IOOS-Sensors,com_aquaamerica_leash,1,5.6,904.0,904.0,248.0,344.0,21.0,0.2975663716814159,0.4189189189189189,0.9219330855018587,1.4078167386717573,1.123393073200242,1.9962331029940008,0.7426221350583965,0.6085470563545122,0.883180979357109,0.21153846153846154,0.5404260494856824,0.2
IOOS-Sensors,com_aquaamerica_lementor,1,4.5,786.0,786.0,216.0,263.0,41.0,0.32697201017811706,0.4509394572025052,0.8404669260700389,1.3791377951796462,1.303325826219033,1.5230790491984523,0.7510757394099431,0.709213279194729,0.7885309196784607,0.3319386331938633,0.6054794520547945,0.2
IOOS-Sensors,edu_calpoly_marine_morro,1,9.6,2224.0,2224.0,384.0,236.0,223.0,0.272931654676259,0.6193548387096774,0.6326194398682042,2.269267152043365,2.025095807286185,2.602303524578562,0.8571423477283681,0.8122606878617911,0.8982455944871054,0.4911764159137997,0.7500117260787992,0.6500000000000001
IOOS-Sensors,edu_humboldt_humboldt,1,8.7,2064.0,2064.0,331.0,461.0,56.0,0.1875,0.41792929292929293,0.8552971576227391,2.228956228956229,2.0031284839693795,2.521895811131853,0.863813349481278,0.8233288454028963,0.9005416814874893,0.37323690761205625,0.4700102427921092,0.35000000000000003
IOOS-Sensors,edu_humboldt_tdp,1,8.7,2050.0,2050.0,396.0,257.0,305.0,0.34195121951219515,0.6064318529862175,0.5649072753209701,1.7734455044532749,1.6506989929907818,1.9417905885948357,0.7497924705678324,0.7118162746370459,0.7827470661061199,0.5400488022803047,0.678993757077299,0.55
IOOS-Sensors,edu_ucsc_scwharf1,1,12.6,1557.0,1557.0,55.0,40.0,79.0,0.08606294155427104,0.5789473684210527,0.41044776119402987,6.727022780832679,3.1555705341347062,17.16417924614936,0.9079147481146621,0.8640590934334935,0.969578106300316,0.24993556701030928,0.8529659616655649,0.9000000000000001
IOOS-Sensors,fort-johnson,1,5.6,1454.0,1454.0,380.0,705.0,23.0,0.27716643741403024,0.35023041474654376,0.9429280397022333,1.2636104790111033,1.0709657670527013,1.5222293933247282,0.8181042278062013,0.6988289700644873,0.9002455050906202,0.1678463094034378,0.5046728971962616,0.15000000000000002
IOOS-Sensors,fort-point,1,12.7,3379.0,3379.0,110.0,299.0,91.0,0.05948505474992601,0.26894865525672373,0.5472636815920398,4.521281124937659,2.4067359343294594,12.700884609351723,0.7600950564985018,0.640125744216575,0.8704402072031907,0.15617977366892768,0.5575926743159753,0.8
IOOS-Sensors,glos_crib,1,5.1,433.0,433.0,121.0,119.0,44.0,0.3810623556581986,0.5041666666666667,0.7333333333333333,1.3230555555555554,1.0462758112094395,1.5139784946236559,0.6883084577114428,0.520802640108433,0.7390815154994259,0.3355824682814302,0.6536566721431177,0.35000000000000003
IOOS-Sensors,glos_leavon,1,6.6,1234.0,1234.0,247.0,398.0,33.0,0.22690437601296595,0.3829457364341085,0.8821428571428571,1.6876965669988926,1.4737729772565042,1.9210842679050772,0.8186826145552561,0.7940953789327881,0.8423489441076544,0.3409436834094368,0.43423423423423424,0.25
IOOS-Sensors,glos_leelyria,1,6.6,1216.0,1216.0,395.0,404.0,65.0,0.3782894736842105,0.49436795994993743,0.8586956521739131,1.3068509549980956,1.1437340506241809,1.4690828924162256,0.7419887278582931,0.6785047903298619,0.7926330926689813,0.4394394394394394,0.5804066543438078,0.2
IOOS-Sensors,glos_lemrbhd,1,5.3,382.0,382.0,122.0,103.0,28.0,0.39267015706806285,0.5422222222222223,0.8133333333333334,1.3808592592592592,1.2369840180409843,1.7565891472868216,0.7539224137931034,0.6526834685364455,0.8273149297706404,0.4489795918367347,0.5976424738052645,0.25
IOOS-Sensors,glos_leoc,1,7.0,1436.0,1436.0,162.0,71.0,350.0,0.3565459610027855,0.6952789699570815,0.31640625,1.950040236051502,1.5899024563537063,2.364239445206523,0.7036323051948052,0.6205977513207488,0.74439301293751,0.4761544011544011,0.7965616045845272,0.7500000000000001
IOOS-Sensors,glos_leorgn,1,6.6,1396.0,1396.0,525.0,597.0,27.0,0.3954154727793696,0.4679144385026738,0.9510869565217391,1.183348833604588,1.1084799900202549,1.2789293368153527,0.7021998849508895,0.659514798208639,0.7524833008245109,0.387546468401487,0.5486643309112681,0.1
IOOS-Sensors,glos_lsps,1,6.6,1178.0,1178.0,302.0,330.0,72.0,0.3174872665534805,0.4778481012658228,0.8074866310160428,1.5050937521153456,1.1286989350008063,2.224789399249831,0.7738978902280044,0.6565556131248101,0.8734292408272835,0.3070480479064504,0.5970055634340564,0.3
IOOS-Sensors,gov-ndbc-44061,1,1.3,207.0,207.0,56.0,108.0,18.0,0.357487922705314,0.34146341463414637,0.7567567567567568,0.9551746868820041,0.9551746868820041,1.0,0.49618979882137776,0.15333333333333332,0.5585338398761784,0.14285714285714285,0.3953488372093023,0.05
IOOS-Sensors,gov-ndbc-44063,1,2.3,279.0,279.0,87.0,72.0,24.0,0.3978494623655914,0.5471698113207547,0.7837837837837838,1.3753187149413566,0.995837669094693,1.5466666666666666,0.7960639210639211,0.723391812865497,0.8870967741935484,0.42857142857142855,0.9354838709677419,0.3
IOOS-Sensors,gov-ndbc-44069,1,7.8,,,,,,,,,,,,,,,,,
IOOS-Sensors,gov-ndbc-45013,1,5.3,776.0,776.0,162.0,289.0,53.0,0.2770618556701031,0.35920177383592017,0.7534883720930232,1.296467797658949,1.0064951162675393,1.4958564497555946,0.6895576835385316,0.5379062736205594,0.7793813106400418,0.19850187265917604,0.5262909612778054,0.3
IOOS-Sensors,gov-ndbc-45014,1,7.2,188.0,188.0,50.0,14.0,20.0,0.3723404255319149,0.78125,0.7142857142857143,2.098214285714286,0.9560975609756097,4.440259740259741,0.8983050847457628,0.38611111111111107,0.9748338081671416,0.6451612903225806,0.9538461538461539,0.5
IOOS-Sensors,indian-river-lagoon-banana-river,1,3.5,920.0,920.0,129.0,158.0,78.0,0.225,0.44947735191637633,0.6231884057971014,1.9976771196283392,1.4079664570230608,2.564950980392157,0.8081116057212161,0.7643625192012289,0.845203957735927,0.3870967741935484,0.5245901639344263,0.6000000000000001
IOOS-Sensors,indian-river-lagoon-fort-pierce-,1,10.7,2765.0,2765.0,668.0,503.0,442.0,0.4014466546112116,0.5704526046114432,0.6018018018018018,1.4209922988744508,1.2625798583960404,1.5967844278376748,0.6929054734492801,0.6276496405944261,0.7520576012193417,0.5079556577123332,0.6360781730346948,0.6500000000000001
IOOS-Sensors,indian-river-lagoon-jensen-beach,1,9.7,2414.0,2414.0,252.0,167.0,545.0,0.33015741507870755,0.6014319809069213,0.3161856963613551,1.821652198129621,1.5073399160970584,2.284772907377532,0.716894445698891,0.6612701403261662,0.7761844954150583,0.4892750444952962,0.7445318983182888,0.8500000000000001
IOOS-Sensors,indian-river-lagoon-link-port-ir,1,11.6,3077.0,3077.0,715.0,668.0,352.0,0.346766330841729,0.5169920462762111,0.6701030927835051,1.490894588933366,1.3783785729303761,1.5932886345867487,0.7357236777686077,0.6901789435216187,0.7778226171674372,0.4556728021837849,0.5717323800337978,0.6000000000000001
IOOS-Sensors,indian-river-lagoon-malabar-irl-,1,2.5,536.0,536.0,67.0,296.0,0.0,0.125,0.18457300275482094,1.0,1.4765840220385675,1.079646017699115,1.6959064327485378,0.8276421729306559,0.6501068376068376,0.9412202380952381,0.12280701754385964,0.35443037974683544,0.25
IOOS-Sensors,indian-river-lagoon-sebastian-ir,1,10.6,2794.0,2794.0,428.0,443.0,361.0,0.2823908375089477,0.49138920780711826,0.5424588086185045,1.7401032276465,1.54665637756629,1.9372044915523057,0.7216745841353523,0.6661129474151404,0.763761045859361,0.4002009988191691,0.5805414922557662,0.7000000000000001
IOOS-Sensors,indian-river-lagoon-st-lucie-est,1,10.3,2468.0,2468.0,551.0,692.0,245.0,0.3225283630470016,0.4432823813354787,0.6922110552763819,1.3743981371054792,1.2316296280974686,1.5845429340587185,0.68790273136015,0.6395004110424581,0.7370239690572025,0.38828400837284377,0.5197995934137983,0.6000000000000001
IOOS-Sensors,indian-river-lagoon-titusville-i,1,3.5,781.0,781.0,84.0,138.0,91.0,0.22407170294494239,0.3783783783783784,0.48,1.6886486486486487,1.2979726488927366,2.454986522911051,0.6671098538425271,0.5606105124821702,0.8336455893832945,0.22377622377622378,0.7482014388489209,0.6500000000000001
IOOS-Sensors,indian-river-lagoon-vero-beach-i,1,10.7,2673.0,2673.0,345.0,288.0,400.0,0.2787130564908343,0.5450236966824644,0.46308724832214765,1.955501129170775,1.604824297974763,2.335951524429281,0.7071545434292239,0.6507944534366834,0.7634612716461465,0.4644052337184136,0.6230409622106542,0.7500000000000001
IOOS-Sensors,ism-cencoos-morro-bay-bs1,1,3.6,875.0,875.0,206.0,331.0,15.0,0.25257142857142856,0.38361266294227186,0.9321266968325792,1.5188284166266421,1.277135244341639,1.941957869205893,0.8190045248868778,0.7303685519151479,0.868673050615595,0.27102803738317754,0.5956284153005464,0.2
IOOS-Sensors,ism-cencoos-san-luis-bay-cal-pol-1,1,7.7,1806.0,1806.0,437.0,576.0,100.0,0.2973421926910299,0.43139190523198423,0.813780260707635,1.4508264075399693,1.3471726401610506,1.5880223045945678,0.7628215005290166,0.7307312012832419,0.803110914193309,0.3843843843843844,0.46777810888549143,0.25
IOOS-Sensors,ism-cencoos-santa-monica-pier-au-1,1,21.2,,,,,,,,,,,,,,,,,
IOOS-Sensors,ism-gcoos-disl_bsca,1,1.6,338.0,338.0,34.0,304.0,0.0,0.10059171597633136,0.10059171597633136,1.0,1.0,1.0,1.0,0.3081946594427245,0.3023140495867769,1.0,0.03333333333333333,0.10714285714285714,0.9500000000000001
IOOS-Sensors,ism-gcoos-disl_mbla,1,0.6,,,,,,,,,,,,,,,,,
IOOS-Sensors,ism-gcoos-disl_ppta,1,2.1,,,,,,,,,,,,,,,,,
IOOS-Sensors,ism-gcoos-lumcon_101,1,4.5,844.0,844.0,138.0,205.0,84.0,0.26303317535545023,0.40233236151603496,0.6216216216216216,1.5295878969348355,1.3938504798581821,1.7247368234501825,0.6878928767996292,0.649270198827721,0.7339550587242278,0.30927835051546393,0.49097472924187724,0.4
IOOS-Sensors,ism-gcoos-lumcon_102,1,1.2,327.0,327.0,23.0,177.0,0.0,0.07033639143730887,0.115,1.0,1.635,1.6257668711656441,1.635,0.8079233409610984,0.7969816744520303,0.8079233409610984,0.0,0.1411042944785276,0.45
IOOS-Sensors,ism-gcoos-sccf_11,1,14.4,2437.0,2437.0,750.0,1583.0,7.0,0.31062782109150594,0.3214744963566224,0.9907529722589168,1.0349185569631292,1.0072230019735098,1.0756476051408883,0.7009663773038938,0.6418392137788943,0.7444739144086988,0.2507527167160684,0.39651457866997813,0.1
IOOS-Sensors,ism-gcoos-sccf_12,1,4.0,998.0,998.0,101.0,98.0,150.0,0.251503006012024,0.507537688442211,0.40239043824701193,2.0180183787463215,1.6619883040935675,2.675115207373272,0.7222568894435645,0.6841151385927505,0.750611881027636,0.4725274725274725,0.6,0.7500000000000001
IOOS-Sensors,ism-gcoos-sccf_13,1,15.4,3363.0,3363.0,623.0,848.0,336.0,0.28516205768658937,0.42352141400407883,0.6496350364963503,1.4851955321123222,1.223452724396498,1.8646520937387756,0.6996524735451342,0.6368802130394159,0.7555590776314248,0.35040938383926745,0.5200432708601386,0.6000000000000001
IOOS-Sensors,ism-gcoos-sccf_16,1,8.7,2093.0,2093.0,192.0,64.0,518.0,0.33922599139990445,0.75,0.2704225352112676,2.2109154929577466,1.5037058991907715,4.069059741410428,0.7638456916480808,0.647629424110784,0.8417209677199022,0.6367180474370504,0.851469861660079,0.8
IOOS-Sensors,ism-gcoos-sccf_18,1,12.7,2108.0,2108.0,304.0,811.0,92.0,0.18785578747628084,0.2726457399103139,0.7676767676767676,1.4513566154821758,1.2632359983711337,1.7198165410283586,0.7308799148022279,0.6475285773929113,0.8130438756106361,0.2043959067719721,0.3540050866398633,0.1
IOOS-Sensors,ism-gcoos-sccf_56,1,11.7,1545.0,1545.0,345.0,827.0,56.0,0.25954692556634307,0.29436860068259385,0.8603491271820449,1.1341633118568764,1.0284991177456568,1.2249211503691981,0.6436302164169994,0.5698548677809024,0.6966869883379674,0.22153605147802632,0.3621497461237698,0.3
IOOS-Sensors,ism-glos-obs_43,1,4.0,,,,,,,,,,,,,,,,,
IOOS-Sensors,ism-secoora-st-lucie-estuary-mid,1,3.6,976.0,976.0,254.0,361.0,58.0,0.319672131147541,0.41300813008130083,0.8141025641025641,1.2919741505107358,1.213352172377252,1.4064469395146686,0.731461905313562,0.6724312982266143,0.8006248888098204,0.32653061224489793,0.5098039215686274,0.3
IOOS-Sensors,ism-secoora-st-lucie-estuary-nor,1,3.4,962.0,962.0,184.0,398.0,42.0,0.23492723492723494,0.3161512027491409,0.8141592920353983,1.3457409603746615,1.2518366147516897,1.6138220074413037,0.6976541458253175,0.6483611927723396,0.75631407851963,0.2012779552715655,0.40441176470588236,0.25
IOOS-Sensors,ism-secoora-st-lucie-estuary-sou-1,1,3.7,968.0,968.0,174.0,135.0,158.0,0.34297520661157027,0.5631067961165048,0.5240963855421686,1.641829453737279,1.1354347287589794,2.427068781329608,0.7074879707509281,0.530790192932526,0.8057906639439685,0.4318181818181818,0.6614173228346457,0.5
IOOS-Sensors,mlml_mlml_sea,1,14.7,3612.0,3612.0,491.0,545.0,181.0,0.18604651162790697,0.47393822393822393,0.7306547619047619,2.5474179536679538,1.9063641926731352,3.610599026963803,0.8526970460803369,0.7987146219092233,0.9029022655338719,0.38195104304650956,0.5634217147413864,0.6000000000000001
IOOS-Sensors,mlml_monterey,1,4.3,482.0,482.0,103.0,63.0,42.0,0.3008298755186722,0.6204819277108434,0.7103448275862069,2.062567511425011,1.4026234567901235,3.4815737829509015,0.8269108769057607,0.6790322580645162,0.9011698265429609,0.17391304347826086,0.7768792229729722,0.5
IOOS-Sensors,newport-pier-automated-shore-sta,1,12.6,3063.0,3063.0,239.0,234.0,171.0,0.13385569702905648,0.5052854122621564,0.5829268292682926,3.774851750631671,3.060123054047661,4.751629071597103,0.8546224706498855,0.8134579420518676,0.8994351318812166,0.37137830800279803,0.641498257839721,0.8
PacIOOS,nss_001,1,3.2,886.0,886.0,100.0,291.0,76.0,0.1986455981941309,0.2557544757033248,0.5681818181818182,1.2874912810974193,1.095289079229122,1.3714285714285714,0.6448063380281691,0.5527143522833178,0.6857895631480537,0.14697406340057637,0.4225352112676056,0.35000000000000003
PacIOOS,nss_002,1,17.7,4128.0,4128.0,1208.0,2753.0,29.0,0.29966085271317827,0.3049734915425398,0.9765561843168957,1.0177288383893326,0.9968059982126676,1.0428713338559628,0.7030604275471475,0.6431966448918481,0.7567040101649927,0.23395569570679167,0.3771346973745946,0.1
PacIOOS,nss_005,1,14.6,1840.0,1840.0,375.0,210.0,345.0,0.391304347826087,0.6410256410256411,0.5208333333333334,1.6381766381766383,1.2510352870532886,2.1083172906581646,0.7263076636904762,0.6459504220868564,0.7821417257180622,0.5358569800227968,0.7263903101044087,0.5
PacIOOS,nss_006,3,12.0,2300.0,2300.0,583.0,1175.0,79.0,0.28782608695652173,0.3316268486916951,0.8806646525679759,1.1521778730980345,1.0444037620790176,1.2987762101137799,0.7456992906388676,0.6225919337876115,0.8245349178497708,0.17401782314867695,0.5200507683118852,0.1
PacIOOS,nss_007,1,14.6,2145.0,2145.0,351.0,320.0,206.0,0.2596736596736597,0.5230998509687034,0.63016157989228,2.0144509521146654,1.4993250234399014,3.012987900952776,0.7790305658687915,0.7005441013821498,0.8510381162695322,0.4367595048629532,0.6136518486754335,0.55
PacIOOS,nss_008,1,3.4,517.0,517.0,73.0,12.0,50.0,0.2379110251450677,0.8588235294117647,0.5934959349593496,3.609851745576279,1.3084239130434783,10.725806451612904,0.8720853452189345,0.7844881398252185,0.9280518369093466,0.6666666666666666,0.9622641509433962,0.6000000000000001
PacIOOS,nss_010,1,14.7,3277.0,3277.0,456.0,274.0,572.0,0.31370155630149527,0.6246575342465753,0.44357976653696496,1.99124780128991,1.5160424007633473,2.894520039649143,0.7154476784320918,0.6560397387383345,0.7709539825674616,0.5125172472404416,0.7104054077642786,0.6000000000000001
PacIOOS,nss_012,2,9.6,928.0,928.0,174.0,569.0,19.0,0.20797413793103448,0.23418573351278602,0.9015544041450777,1.1260329569941214,1.0338071274280924,1.2408800747605,0.5964646998695851,0.4855022816411347,0.6913004355843567,0.1591142115939595,0.3361861861861862,0.05
PacIOOS,nss_013,1,2.2,,,,,,,,,,,,,,,,,
PacIOOS,nss_015,2,12.2,1236.0,1236.0,27.0,26.0,304.0,0.26779935275080907,0.5094339622641509,0.08157099697885196,1.9022972125634154,0.0,2.718409913917974,0.6162457645507502,0.46911088601645,0.7393301198771199,0.0,0.6923076923076923,0.9000000000000001
PacIOOS,nss_016,1,2.1,385.0,385.0,20.0,13.0,62.0,0.21298701298701297,0.6060606060606061,0.24390243902439024,2.845528455284553,1.090909090909091,7.5675675675675675,0.8436770506318925,0.7584233947870311,1.0,0.5357142857142857,1.0,0.8500000000000001
PacIOOS,nss_cwb_001,1,0.9,,,,,,,,,,,,,,,,,
PacIOOS,nss_cwb_004,2,1.0,,,,,,,,,,,,,,,,,
PacIOOS,nss_wqspp_002,1,1.6,,,,,,,,,,,,,,,,,
PacIOOS,nss_wqspp_003,1,1.0,,,,,,,,,,,,,,,,,
PacIOOS,nss_wqspp_004,1,1.7,,,,,,,,,,,,,,,,,
PacIOOS,nss_wqspp_005,1,1.4,,,,,,,,,,,,,,,,,
IOOS-Sensors,oa2-mbari-buoy,1,10.7,1881.0,1881.0,48.0,110.0,101.0,0.07921318447634237,0.3037974683544304,0.3221476510067114,3.8351881743267353,1.5369882970622828,17.298960636886335,0.8360684005765922,0.7051897659099358,0.9700700712376659,0.1368421052631579,0.37254901960784315,0.8500000000000001
ONC,scalar_117688,1,0.5,132.0,132.0,65.0,33.0,5.0,0.5303030303030303,0.6632653061224489,0.9285714285714286,1.250728862973761,1.250728862973761,1.250728862973761,0.8191244239631337,0.8191244239631337,0.8191244239631337,0.6632653061224489,0.6632653061224489,0.05
ONC,scalar_1189342,1,0.4,117.0,117.0,52.0,36.0,14.0,0.5641025641025641,0.5909090909090909,0.7878787878787878,1.047520661157025,1.047520661157025,1.047520661157025,0.6176470588235294,0.6176470588235294,0.6176470588235294,0.5909090909090909,0.5909090909090909,0.05
ONC,scalar_1200766,1,0.6,176.0,176.0,15.0,0.0,7.0,0.125,1.0,0.6818181818181818,8.0,8.0,8.0,0.9852420306965761,0.9852420306965761,0.9852420306965761,1.0,1.0,0.8
ONC,scalar_1211291,1,0.5,125.0,125.0,13.0,2.0,10.0,0.184,0.8666666666666667,0.5652173913043478,4.710144927536232,4.710144927536232,4.710144927536232,0.9292412617220801,0.9292412617220801,0.9292412617220801,0.8666666666666667,0.8666666666666667,0.55
ONC,scalar_1211296,1,0.5,126.0,126.0,26.0,20.0,15.0,0.3253968253968254,0.5652173913043478,0.6341463414634146,1.7370095440084834,1.7370095440084834,1.7370095440084834,0.7928263988522238,0.7928263988522238,0.7928263988522238,0.5652173913043478,0.5652173913043478,0.45
ONC,scalar_1211301,1,0.5,125.0,125.0,32.0,20.0,11.0,0.344,0.6153846153846154,0.7441860465116279,1.7889087656529519,1.7889087656529519,1.7889087656529519,0.8192002268859898,0.8192002268859898,0.8192002268859898,0.6153846153846154,0.6153846153846154,0.4
IOOS-Sensors,scripps-pier-automated-shore-sta-1,1,12.6,3264.0,3264.0,150.0,88.0,348.0,0.15257352941176472,0.6302521008403361,0.30120481927710846,4.130808950086058,3.295262541632405,5.45008356991158,0.8374601079662105,0.8065709070556724,0.8703587653723819,0.4711463004484305,0.7798565523007369,0.8500000000000001
IOOS-Sensors,tiburon-water-tibc1,1,17.7,3491.0,3491.0,377.0,583.0,188.0,0.16184474362646806,0.3927083333333333,0.6672566371681415,2.426450958702065,1.9739113826463939,3.2136064417515864,0.8286603475704546,0.7771532241734498,0.8768766084453112,0.318003141313337,0.48069242866035444,0.7000000000000001
IOOS-Sensors,tomales-bay-buoy,1,1.7,470.0,470.0,144.0,71.0,81.0,0.4787234042553192,0.6697674418604651,0.64,1.3990697674418604,1.0398114636815083,1.7573194534808068,0.7290702947845806,0.5947776993648553,0.792911877394636,0.6513761467889908,0.6886792452830188,0.2
IOOS-Sensors,wiyot_tribe_indianisland,1,2.2,314.0,314.0,44.0,24.0,26.0,0.2229299363057325,0.6470588235294118,0.6285714285714286,2.9025210084033612,1.69921875,12.999999999999998,0.8353337236533956,0.7977385253579552,1.0,0.14285714285714285,0.9375,0.5
PacIOOS,wqb_04,1,14.6,2368.0,2368.0,318.0,582.0,112.0,0.18158783783783783,0.35333333333333333,0.7395348837209302,1.9457984496124032,1.6449978521560247,2.3392274732028953,0.7855737154102768,0.6853405150180916,0.8439421167353893,0.1993663125337433,0.4836524303510507,0.55
PacIOOS,wqb_05,1,6.2,1297.0,1297.0,152.0,730.0,24.0,0.13569776407093292,0.17233560090702948,0.8636363636363636,1.2699958771387343,1.0730415811491631,1.4963741345811785,0.7080072581299165,0.5717355793180949,0.8221541858221568,0.08057128621427181,0.34275032938076366,0.55
